action_key,account_id,run_id,playbook_id,message_template_id
0fcb61d89d13,ACC-001,RUN001,PB03_GUIDED_MIGRATION,
ad531f2937d6,ACC-002,RUN001,PB02_VERIFY_WINBACK,VERIFY_CADENCE
540a58c7127b,ACC-003,RUN001,PB03_GUIDED_MIGRATION,
08d49164fd60,ACC-004,RUN001,PB03_GUIDED_MIGRATION,
5b28ca9bd14c,ACC-005,RUN001,PB01_RETENTION,
e3d57b7950e8,ACC-006,RUN001,PB03_GUIDED_MIGRATION,
5d2eb2a4b67f,ACC-007,RUN001,PB03_GUIDED_MIGRATION,
bbf41110e504,ACC-008,RUN001,PB01_RETENTION,RET_AM
14b26d9cbee4,ACC-009,RUN001,PB01_RETENTION,RET_AM
4966e1678608,ACC-010,RUN001,PB01_RETENTION,RET_AM
7524c507b827,ACC-011,RUN001,PB04_ESTABLISH,EST_RETURNED
b5cb9babc36d,ACC-012,RUN001,PB03_GUIDED_MIGRATION,
d5ca9688e26f,ACC-013,RUN001,PB01_RETENTION,RET_AM
3541cedf4075,ACC-014,RUN001,PB01_RETENTION,RET_AM
2285c67f93e3,ACC-015,RUN001,PB02_VERIFY_WINBACK,WINBACK
37d831150a2a,ACC-016,RUN001,PB03_GUIDED_MIGRATION,
5cb38fc6a985,ACC-017,RUN001,PB01_RETENTION,RET_AM
b301fe425ce1,ACC-018,RUN001,PB01_RETENTION,RET_AM
007fe44db0d2,ACC-019,RUN001,PB03_GUIDED_MIGRATION,MIG_DAY0
52e8620a3f1a,ACC-020,RUN001,PB03_GUIDED_MIGRATION,
71752711fe5b,ACC-021,RUN001,PB01_RETENTION,RET_AM
8f37f6a06496,ACC-022,RUN001,PB01_RETENTION,RET_AM
2808d52199a5,ACC-023,RUN001,PB01_RETENTION,RET_AM
49dad3347eeb,ACC-024,RUN001,PB03_GUIDED_MIGRATION,
ca096fe30dd8,ACC-025,RUN001,PB06_REINFORCE,REINFORCE
beae7abebe16,ACC-026,RUN001,PB02_VERIFY_WINBACK,VERIFY_CADENCE
c2f68f7ca5fd,ACC-027,RUN001,PB03_GUIDED_MIGRATION,MIG_DAY0
f91bbd0fb68a,ACC-028,RUN001,PB01_RETENTION,RET_AM
65f4916d6b6c,ACC-029,RUN001,PB03_GUIDED_MIGRATION,MIG_PREENTRY
159c0643b8b5,ACC-030,RUN001,PB03_GUIDED_MIGRATION,MIG_DAY0
9699924bde84,ACC-031,RUN001,PB03_GUIDED_MIGRATION,MIG_DAY0
8480fbee4c85,ACC-032,RUN001,PB02_VERIFY_WINBACK,VERIFY_CADENCE
16ee29db7b94,ACC-033,RUN001,PB03_GUIDED_MIGRATION,
879ab96f7320,ACC-034,RUN001,PB03_GUIDED_MIGRATION,MIG_PREENTRY
54b853a6f434,ACC-035,RUN001,PB01_RETENTION,RET_AM
bf548797d462,ACC-036,RUN001,PB03_GUIDED_MIGRATION,
f3fb6364e78b,ACC-037,RUN001,PB01_RETENTION,RET_AM
172ea5e0f915,ACC-038,RUN001,PB02_VERIFY_WINBACK,VERIFY_CADENCE
0fcf3873bc5c,ACC-039,RUN001,PB03_GUIDED_MIGRATION,MIG_PREENTRY
923b662583c0,ACC-040,RUN001,PB01_RETENTION,RET_AM
664c8c477044,ACC-041,RUN001,PB01_RETENTION,RET_AM
931083a5e42a,ACC-042,RUN001,PB02_VERIFY_WINBACK,VERIFY_CADENCE
635522c38afb,ACC-043,RUN001,PB01_RETENTION,RET_AM
a9062c502f88,ACC-044,RUN001,PB02_VERIFY_WINBACK,VERIFY_CADENCE
c17333135b8d,ACC-045,RUN001,PB01_RETENTION,RET_AM
22073667808a,ACC-046,RUN001,PB01_RETENTION,RET_AM
d857ee7a7173,ACC-047,RUN001,PB04_ESTABLISH,EST_RETURNED
85c8f6987236,ACC-048,RUN001,PB04_ESTABLISH,EST_RETURNED
e8d7cc4929a3,ACC-049,RUN001,PB03_GUIDED_MIGRATION,MIG_PREENTRY
40b9f8023762,ACC-050,RUN001,PB02_VERIFY_WINBACK,VERIFY_CADENCE
8f849ec07bb5,ACC-051,RUN001,PB01_RETENTION,RET_AM
3949b831e958,ACC-052,RUN001,PB01_RETENTION,RET_AM
09ce1ffaedd3,ACC-053,RUN001,PB01_RETENTION,RET_AM
44941c7c6027,ACC-054,RUN001,PB01_RETENTION,RET_AM
84ba41df31ac,ACC-055,RUN001,PB01_RETENTION,RET_AM
3ef68990c056,ACC-056,RUN001,PB03_GUIDED_MIGRATION,
debc77818ad3,ACC-057,RUN001,PB03_GUIDED_MIGRATION,MIG_PREENTRY
3814d6df488f,ACC-058,RUN001,PB03_GUIDED_MIGRATION,
70b8c061b647,ACC-059,RUN001,PB01_RETENTION,RET_AM
78939faa3343,ACC-060,RUN001,PB02_VERIFY_WINBACK,VERIFY_CADENCE
e28cb5549b54,ACC-061,RUN001,PB01_RETENTION,RET_AM
83b24c3c09c6,ACC-062,RUN001,PB02_VERIFY_WINBACK,WINBACK
ac28d5041fff,ACC-063,RUN001,PB08_NURTURE,NUR_DORMANT
ea60047c0021,ACC-064,RUN001,PB07_SERVICE_MODEL_REVIEW,
c3a72372035f,ACC-065,RUN001,PB08_NURTURE,NUR_RISING
f751494a0af2,ACC-066,RUN001,PB08_NURTURE,NUR_DORMANT
59d976603aa8,ACC-067,RUN001,PB07_SERVICE_MODEL_REVIEW,
d388a5f593ab,ACC-068,RUN001,PB06_REINFORCE,REINFORCE
d5e8a6c32695,ACC-069,RUN001,PB08_NURTURE,NUR_STANDARD
953b6127c446,ACC-070,RUN001,PB08_NURTURE,NUR_DORMANT
6cd01173727a,ACC-071,RUN001,PB07_SERVICE_MODEL_REVIEW,
5ae2b2cde0f1,ACC-072,RUN001,PB08_NURTURE,NUR_STANDARD
f47f5f56f997,ACC-073,RUN001,PB08_NURTURE,NUR_RETURNED
0fab81c98c28,ACC-074,RUN001,PB07_SERVICE_MODEL_REVIEW,
5e51c9a1ed5c,ACC-075,RUN001,PB07_SERVICE_MODEL_REVIEW,
ec3b1426520d,ACC-076,RUN001,PB08_NURTURE,NUR_DORMANT
4c8d2cf7f6c3,ACC-077,RUN001,PB07_SERVICE_MODEL_REVIEW,
6f3017b032a8,ACC-078,RUN001,PB08_NURTURE,
e891406e4c4e,ACC-079,RUN001,PB08_NURTURE,NUR_DORMANT
71d07324867c,ACC-080,RUN001,PB07_SERVICE_MODEL_REVIEW,
66f3801b7ad9,ACC-081,RUN001,PB08_NURTURE,NUR_DORMANT
212eccfd4c0a,ACC-082,RUN001,PB08_NURTURE,NUR_DORMANT
aa8993285b83,ACC-083,RUN001,PB06_REINFORCE,REINFORCE
f1af6b517a0f,ACC-084,RUN001,PB08_NURTURE,NUR_DORMANT
f2b94879059a,ACC-085,RUN001,PB06_REINFORCE,REINFORCE
51560fabe901,ACC-086,RUN001,PB08_NURTURE,NUR_RISING
2eeccb8ab72f,ACC-087,RUN001,PB08_NURTURE,NUR_DORMANT
3d46b9f4fdf1,ACC-088,RUN001,PB08_NURTURE,NUR_DORMANT
83b65679867a,ACC-089,RUN001,PB08_NURTURE,NUR_DORMANT
830b19085775,ACC-090,RUN001,PB08_NURTURE,NUR_STANDARD
140a44aa2700,ACC-091,RUN001,PB08_NURTURE,NUR_DORMANT
7126aeffae9c,ACC-092,RUN001,PB08_NURTURE,NUR_DORMANT
084576f9c5fd,ACC-093,RUN001,PB08_NURTURE,NUR_STANDARD
2273d6e9399f,ACC-094,RUN001,PB08_NURTURE,NUR_DORMANT
703b0a097633,ACC-095,RUN001,PB08_NURTURE,NUR_DORMANT
6d8dcd1f0f79,ACC-096,RUN001,PB08_NURTURE,NUR_DORMANT
02cd252e0cbc,ACC-097,RUN001,PB08_NURTURE,NUR_DORMANT
fabe0d80dfb9,ACC-098,RUN001,PB08_NURTURE,NUR_DORMANT
2cb7ed3cc060,ACC-099,RUN001,PB08_NURTURE,NUR_DORMANT
fb1e7d3fb6e3,ACC-100,RUN001,PB08_NURTURE,NUR_DORMANT
db53945d941b,ACC-101,RUN001,PB08_NURTURE,NUR_RETURNED
d0dbce3413e6,ACC-102,RUN001,PB08_NURTURE,NUR_DORMANT
538b08a9a379,ACC-103,RUN001,PB08_NURTURE,NUR_DORMANT
8b1c267f7bdf,ACC-104,RUN001,PB07_SERVICE_MODEL_REVIEW,
e71b26c93fb8,ACC-105,RUN001,PB08_NURTURE,NUR_DORMANT
d3ee7ca0c4ff,ACC-106,RUN001,PB08_NURTURE,NUR_RETURNED
992c78051d9e,ACC-107,RUN001,PB08_NURTURE,NUR_DORMANT
8019ed528f62,ACC-108,RUN001,PB08_NURTURE,NUR_REPEAT
b0b92af43152,ACC-109,RUN001,PB08_NURTURE,NUR_ENGAGED
a64bfa52730f,ACC-110,RUN001,PB08_NURTURE,NUR_DORMANT
99ad3fc1cdb9,ACC-111,RUN001,PB05_DISCOVERY_TO_OFFER,
7df27874c3b8,ACC-112,RUN001,PB08_NURTURE,NUR_DORMANT
3e57044e1daf,ACC-113,RUN001,PB08_NURTURE,NUR_DORMANT
7fc0ae8a7c30,ACC-114,RUN001,PB08_NURTURE,NUR_DORMANT
f4a439b839e7,ACC-115,RUN001,PB08_NURTURE,NUR_DORMANT
f34435f6e226,ACC-116,RUN001,PB08_NURTURE,NUR_DORMANT
8ae172b2ba78,ACC-117,RUN001,PB08_NURTURE,NUR_RETURNED
e765cba3ba50,ACC-118,RUN001,PB08_NURTURE,NUR_REPEAT
87e5a2126111,ACC-119,RUN001,PB08_NURTURE,NUR_DORMANT
90acb7571c37,ACC-120,RUN001,PB08_NURTURE,NUR_DORMANT
f557f84a1951,ACC-121,RUN001,PB08_NURTURE,NUR_DORMANT
203623c791d0,ACC-122,RUN001,PB08_NURTURE,NUR_DORMANT
dbae9c2bcb99,ACC-123,RUN001,PB08_NURTURE,NUR_DORMANT
4be814066136,ACC-124,RUN001,PB08_NURTURE,NUR_DORMANT
cf9394c535a7,ACC-125,RUN001,PB08_NURTURE,NUR_DORMANT
8823a19ce816,ACC-126,RUN001,PB08_NURTURE,NUR_DORMANT
e5b3874332b0,ACC-127,RUN001,PB08_NURTURE,NUR_DORMANT
8c487f2810c7,ACC-128,RUN001,PB08_NURTURE,NUR_DORMANT
99bf6290f84c,ACC-129,RUN001,PB08_NURTURE,NUR_DORMANT
910268da6275,ACC-130,RUN001,PB08_NURTURE,NUR_DORMANT
b6ce092011bb,ACC-131,RUN001,PB08_NURTURE,NUR_RETURNED
77b3482a05a9,ACC-132,RUN001,PB08_NURTURE,NUR_DORMANT
084a224ed92a,ACC-133,RUN001,PB08_NURTURE,NUR_DORMANT
5e0879409efc,ACC-134,RUN001,PB08_NURTURE,NUR_RETURNED
340151ba9252,ACC-135,RUN001,PB08_NURTURE,NUR_DORMANT
87787273a2ed,ACC-136,RUN001,PB08_NURTURE,NUR_DORMANT
d2b82a82d987,ACC-137,RUN001,PB08_NURTURE,NUR_ENGAGED
6f1215804a77,ACC-138,RUN001,PB08_NURTURE,NUR_DORMANT
f6376901a81a,ACC-139,RUN001,PB08_NURTURE,NUR_DORMANT
c549f5a75fb0,ACC-140,RUN001,PB08_NURTURE,NUR_DORMANT
5985adec5f86,ACC-141,RUN001,PB08_NURTURE,NUR_RETURNED
b79587714460,ACC-142,RUN001,PB08_NURTURE,NUR_DORMANT
718f67ad5bea,ACC-143,RUN001,PB08_NURTURE,NUR_DORMANT
a406cb8907ce,ACC-144,RUN001,PB08_NURTURE,NUR_DORMANT
b5775c88903a,ACC-145,RUN001,PB08_NURTURE,NUR_RETURNED
71c6f516f13c,ACC-146,RUN001,PB08_NURTURE,NUR_DORMANT
6f72baa891cd,ACC-147,RUN001,PB08_NURTURE,NUR_DORMANT
ce263c8e5d09,ACC-148,RUN001,PB08_NURTURE,NUR_DORMANT
fee9be9e2d9d,ACC-149,RUN001,PB08_NURTURE,NUR_DORMANT
461b8dcad11b,ACC-150,RUN001,PB08_NURTURE,NUR_DORMANT
c4a9c012f207,ACC-151,RUN001,PB08_NURTURE,NUR_DORMANT
68bcd0953328,ACC-152,RUN001,PB08_NURTURE,NUR_DORMANT
5cb129ab6340,ACC-153,RUN001,PB08_NURTURE,NUR_DORMANT
5428cabb9d9f,ACC-154,RUN001,PB08_NURTURE,NUR_DORMANT
c0908b843125,ACC-155,RUN001,PB08_NURTURE,NUR_DORMANT
3bb5df054133,ACC-156,RUN001,PB08_NURTURE,NUR_RETURNED
6b87ee703075,ACC-157,RUN001,PB08_NURTURE,NUR_DORMANT
1dbda6f70061,ACC-158,RUN001,PB08_NURTURE,NUR_DORMANT
7cbc6f3fbf1c,ACC-159,RUN001,PB08_NURTURE,NUR_DORMANT
597ead36ba57,ACC-160,RUN001,PB05_DISCOVERY_TO_OFFER,DTO
8797b83ec891,ACC-161,RUN001,PB08_NURTURE,NUR_DORMANT
e5aa3015ef20,ACC-162,RUN001,PB08_NURTURE,NUR_DORMANT
dec2da24e53e,ACC-163,RUN001,PB08_NURTURE,NUR_DORMANT
46fd7d116945,ACC-164,RUN001,PB08_NURTURE,NUR_DORMANT
a9176dd82c9e,ACC-165,RUN001,PB08_NURTURE,NUR_DORMANT
bff2ff30b402,ACC-166,RUN001,PB08_NURTURE,NUR_DORMANT
81735233d7db,ACC-167,RUN001,PB08_NURTURE,NUR_DORMANT
87e11c2eef11,ACC-168,RUN001,PB08_NURTURE,NUR_DORMANT
5a2085c35ca6,ACC-169,RUN001,PB08_NURTURE,NUR_DORMANT
e2d527d359b1,ACC-170,RUN001,PB08_NURTURE,NUR_DORMANT
0f7ed91d60c6,ACC-171,RUN001,PB08_NURTURE,NUR_DORMANT
d5d9e8818345,ACC-172,RUN001,PB08_NURTURE,NUR_DORMANT
96bbc1826f82,ACC-173,RUN001,PB08_NURTURE,NUR_RETURNED
90728367d471,ACC-174,RUN001,PB08_NURTURE,NUR_DORMANT
3fc5483f22a9,ACC-175,RUN001,PB08_NURTURE,NUR_DORMANT
94af0171e89c,ACC-176,RUN001,PB08_NURTURE,NUR_DORMANT
2ef52d7e350a,ACC-177,RUN001,PB08_NURTURE,NUR_RETURNED
9fd00c22f7a3,ACC-178,RUN001,PB08_NURTURE,NUR_DORMANT
bb3e7953d27e,ACC-179,RUN001,PB08_NURTURE,NUR_DORMANT
66ff983f3cb7,ACC-180,RUN001,PB08_NURTURE,NUR_RETURNED
88e6a18c861d,ACC-181,RUN001,PB08_NURTURE,NUR_DORMANT
d83eba19c798,ACC-182,RUN001,PB08_NURTURE,NUR_DORMANT
4a1bec8bb6d8,ACC-183,RUN001,PB08_NURTURE,NUR_DORMANT
87993aa90416,ACC-184,RUN001,PB08_NURTURE,NUR_DORMANT
b871545630e4,ACC-185,RUN001,PB08_NURTURE,NUR_RETURNED
5d7448a9ea86,ACC-186,RUN001,PB08_NURTURE,NUR_DORMANT
88432a41333b,ACC-187,RUN001,PB08_NURTURE,NUR_RETURNED
2acc851a5c42,ACC-188,RUN001,PB08_NURTURE,NUR_DORMANT
cf65c3d8ed81,ACC-189,RUN001,PB08_NURTURE,NUR_DORMANT
2df02515b01d,ACC-190,RUN001,PB08_NURTURE,NUR_DORMANT
5fff9de1ac4f,ACC-191,RUN001,PB08_NURTURE,NUR_DORMANT
37904806c11d,ACC-192,RUN001,PB08_NURTURE,NUR_RETURNED
0a4fe2c852ec,ACC-193,RUN001,PB08_NURTURE,NUR_DORMANT
0a76c7964377,ACC-194,RUN001,PB08_NURTURE,NUR_RETURNED
20cf560eb32c,ACC-195,RUN001,PB08_NURTURE,NUR_DORMANT
92c8d1f0ba46,ACC-196,RUN001,PB08_NURTURE,NUR_DORMANT
4eefcefe0920,ACC-197,RUN001,PB08_NURTURE,NUR_DORMANT
5207cde5aa9d,ACC-198,RUN001,PB08_NURTURE,NUR_DORMANT
6f2daa2b8a4b,ACC-199,RUN001,PB08_NURTURE,NUR_DORMANT
c10dabd89268,ACC-200,RUN001,PB08_NURTURE,NUR_DORMANT
a3af48d3caf4,ACC-201,RUN001,PB08_NURTURE,NUR_DORMANT
1a6eef01c49b,ACC-202,RUN001,PB08_NURTURE,NUR_DORMANT
ae7aee7523a2,ACC-203,RUN001,PB08_NURTURE,NUR_DORMANT
104a524f77c8,ACC-204,RUN001,PB08_NURTURE,NUR_DORMANT
746e5665bfc5,ACC-205,RUN001,PB08_NURTURE,NUR_DORMANT
5cf7047cb211,ACC-206,RUN001,PB08_NURTURE,NUR_DORMANT
b473bb382241,ACC-207,RUN001,PB08_NURTURE,NUR_DORMANT
f4d8df5c311f,ACC-208,RUN001,PB08_NURTURE,NUR_DORMANT
0cd3ab719f0f,ACC-209,RUN001,PB08_NURTURE,NUR_RETURNED
24eec152cce3,ACC-210,RUN001,PB08_NURTURE,NUR_DORMANT
1147923b913d,ACC-211,RUN001,PB01_RETENTION,RET_CS
aa1e187383b5,ACC-212,RUN001,PB06_REINFORCE,REINFORCE
91cb14df2473,ACC-213,RUN001,PB06_REINFORCE,REINFORCE
85018850706f,ACC-214,RUN001,PB01_RETENTION,RET_CS
7be89ed5f41b,ACC-215,RUN001,PB02_VERIFY_WINBACK,VERIFY_CADENCE
0ffb95bd9c91,ACC-216,RUN001,PB02_VERIFY_WINBACK,CHECKIN
5a52a8fcef4c,ACC-217,RUN001,PB04_ESTABLISH,EST_NEW
d69faed4c289,ACC-218,RUN001,PB08_NURTURE,NUR_DORMANT
9001107dfa80,ACC-219,RUN001,PB05_DISCOVERY_TO_OFFER,DTO
8e9758ced7cd,ACC-220,RUN001,PB08_NURTURE,NUR_NEW
0bec578febde,ACC-221,RUN001,PB08_NURTURE,NUR_NEW
7999b569caa7,ACC-222,RUN001,PB08_NURTURE,NUR_NEW
672587e39985,ACC-223,RUN001,PB08_NURTURE,NUR_DORMANT
0f37ffd37385,ACC-224,RUN001,PB08_NURTURE,NUR_NEW
e0dbb37266d4,ACC-225,RUN001,PB08_NURTURE,NUR_DORMANT
b2110c31973b,ACC-226,RUN001,PB08_NURTURE,NUR_DORMANT
1a28b6518089,ACC-227,RUN001,PB08_NURTURE,NUR_NEW
b4ec099e11b3,ACC-228,RUN001,PB08_NURTURE,NUR_NEW
419097fdf4a6,ACC-229,RUN001,PB08_NURTURE,NUR_NEW
073e91fed835,ACC-230,RUN001,PB08_NURTURE,NUR_REPEAT
414d0d5121bb,ACC-231,RUN001,PB08_NURTURE,NUR_REPEAT
b5cfa22bc5c2,ACC-232,RUN001,PB08_NURTURE,NUR_DORMANT
ce026434ec4e,ACC-233,RUN001,PB08_NURTURE,NUR_ENGAGED
413a9e9197ee,ACC-234,RUN001,PB08_NURTURE,NUR_NEW
78ad33491e60,ACC-235,RUN001,PB08_NURTURE,NUR_NEW
0e32789858d7,ACC-236,RUN001,PB08_NURTURE,NUR_NEW
43ef44026794,ACC-237,RUN001,PB08_NURTURE,NUR_NEW
a5698e9d2cda,ACC-238,RUN001,PB08_NURTURE,NUR_NEW
0cec226abbae,ACC-239,RUN001,PB08_NURTURE,NUR_DORMANT
33f61a831ce8,ACC-240,RUN001,PB08_NURTURE,NUR_NEW
8c4dc46cd074,ACC-241,RUN001,PB08_NURTURE,NUR_DORMANT
7e57d7281d15,ACC-242,RUN001,PB08_NURTURE,NUR_NEW
46698e4c9086,ACC-243,RUN001,PB08_NURTURE,NUR_NEW
43c32c95f95b,ACC-244,RUN001,PB08_NURTURE,NUR_DORMANT
121061ba0610,ACC-245,RUN001,PB08_NURTURE,NUR_DORMANT
50d3f2ca43ec,ACC-246,RUN001,PB08_NURTURE,NUR_NEW
c432a6ed9894,ACC-247,RUN001,PB08_NURTURE,NUR_NEW
3eed98a78375,ACC-248,RUN001,PB08_NURTURE,NUR_DORMANT
c8d4829c2cd8,ACC-249,RUN001,PB08_NURTURE,NUR_DORMANT
a405b65d81e0,ACC-250,RUN001,PB08_NURTURE,NUR_DORMANT
0af2daa28eec,ACC-251,RUN001,PB08_NURTURE,NUR_DORMANT
e03f850245c4,ACC-252,RUN001,PB08_NURTURE,NUR_NEW
e0780da40176,ACC-253,RUN001,PB08_NURTURE,NUR_NEW
f5e0b31443c4,ACC-254,RUN001,PB08_NURTURE,NUR_DORMANT
5753b3213ae2,ACC-255,RUN001,PB08_NURTURE,NUR_NEW
a18f3158b1a0,ACC-256,RUN001,PB05_DISCOVERY_TO_OFFER,DTO
7503815ad16b,ACC-257,RUN001,PB08_NURTURE,NUR_DORMANT
fedf5d9d5851,ACC-258,RUN001,PB08_NURTURE,NUR_DORMANT
8e6abd168068,ACC-259,RUN001,PB08_NURTURE,NUR_NEW
c6285f384356,ACC-260,RUN001,PB08_NURTURE,NUR_DORMANT
1d8c8054350c,ACC-261,RUN001,PB08_NURTURE,NUR_DORMANT
0c0eb5c98b7c,ACC-262,RUN001,PB08_NURTURE,NUR_NEW
3d2fe57828d3,ACC-263,RUN001,PB08_NURTURE,NUR_NEW
2f6ee405dab0,ACC-264,RUN001,PB08_NURTURE,NUR_NEW
4daa0f149895,ACC-265,RUN001,PB08_NURTURE,NUR_NEW
6ff88212f5a0,ACC-266,RUN001,PB08_NURTURE,NUR_DORMANT
d08d70ae4476,ACC-267,RUN001,PB08_NURTURE,NUR_DORMANT
8c88facd38b2,ACC-268,RUN001,PB08_NURTURE,NUR_NEW
97539148fc1c,ACC-269,RUN001,PB08_NURTURE,NUR_NEW
0a43e8b9b526,ACC-270,RUN001,PB08_NURTURE,NUR_DORMANT
8c6cc87d80c7,ACC-271,RUN001,PB08_NURTURE,NUR_DORMANT
72b6c23e8f65,ACC-272,RUN001,PB08_NURTURE,NUR_NEW
b83e15e68e61,ACC-273,RUN001,PB08_NURTURE,NUR_NEW
de7f3136de62,ACC-274,RUN001,PB08_NURTURE,NUR_NEW
2975b85d4de0,ACC-275,RUN001,PB08_NURTURE,NUR_NEW
bad0550cc134,ACC-276,RUN001,PB08_NURTURE,NUR_NEW
f0be33fe782d,ACC-277,RUN001,PB08_NURTURE,NUR_NEW
20b43632104f,ACC-278,RUN001,PB08_NURTURE,NUR_DORMANT
dbc1e7c4b206,ACC-279,RUN001,PB08_NURTURE,NUR_NEW
f0434e268b14,ACC-280,RUN001,PB08_NURTURE,NUR_NEW
6b4ed2d1c17a,ACC-281,RUN001,PB08_NURTURE,NUR_DORMANT
4dc075fceb04,ACC-282,RUN001,PB08_NURTURE,NUR_NEW
3cf26b6622ae,ACC-283,RUN001,PB08_NURTURE,NUR_DORMANT
53c54b0e772a,ACC-284,RUN001,PB08_NURTURE,NUR_NEW
a73d380e0674,ACC-285,RUN001,PB08_NURTURE,NUR_NEW
9c7445698aea,ACC-286,RUN001,PB08_NURTURE,NUR_DORMANT
b76893060cb5,ACC-287,RUN001,PB08_NURTURE,NUR_NEW
27ce6185e812,ACC-288,RUN001,PB08_NURTURE,NUR_DORMANT
27bf7e51bb66,ACC-289,RUN001,PB08_NURTURE,NUR_NEW
e660fd25a3e6,ACC-290,RUN001,PB08_NURTURE,NUR_NEW
e5d70530d239,ACC-291,RUN001,PB08_NURTURE,NUR_NEW
54c4d054a411,ACC-292,RUN001,PB08_NURTURE,NUR_DORMANT
97dd1559bb91,ACC-293,RUN001,PB08_NURTURE,NUR_NEW
9a44e9ce58e2,ACC-294,RUN001,PB08_NURTURE,NUR_DORMANT
89e21a5eefbe,ACC-295,RUN001,PB08_NURTURE,NUR_DORMANT
68e45acd40e2,ACC-296,RUN001,PB08_NURTURE,NUR_NEW
74bfd559930a,ACC-297,RUN001,PB08_NURTURE,NUR_DORMANT
ed0bbfe11383,ACC-298,RUN001,PB08_NURTURE,NUR_NEW
df7ada32eab2,ACC-299,RUN001,PB08_NURTURE,NUR_DORMANT
c657541d685a,ACC-300,RUN001,PB08_NURTURE,NUR_NEW
0f799e9cf54b,ACC-211,RUN002,PB06_REINFORCE,
5ec9071df9c3,ACC-301,RUN002,PB01_RETENTION,RET_AM
c5b4f4826999,ACC-302,RUN002,PB03_GUIDED_MIGRATION,
098772224d83,ACC-303,RUN002,PB01_RETENTION,RET_AM
9ce6f8396576,ACC-304,RUN002,PB03_GUIDED_MIGRATION,MIG_DAY0
962b402c8042,ACC-305,RUN002,PB02_VERIFY_WINBACK,WINBACK
b7ed5d73d9d0,ACC-306,RUN002,PB02_VERIFY_WINBACK,VERIFY_CADENCE
f0c9d7e4576d,ACC-307,RUN002,PB04_ESTABLISH,EST_RETURNED
560c61f4bb1d,ACC-308,RUN002,PB03_GUIDED_MIGRATION,MIG_PREENTRY
e825aada3171,ACC-309,RUN002,PB08_NURTURE,NUR_DORMANT
618c111a6d6b,ACC-310,RUN002,PB07_SERVICE_MODEL_REVIEW,
d9c6ad7bd10f,ACC-311,RUN002,PB08_NURTURE,NUR_RISING
fca883535edd,ACC-312,RUN002,PB08_NURTURE,NUR_DORMANT
36cd01a37a11,ACC-313,RUN002,PB07_SERVICE_MODEL_REVIEW,
96c9cb8e3c47,ACC-314,RUN002,PB08_NURTURE,NUR_DORMANT
9e21a407858c,ACC-315,RUN002,PB08_NURTURE,NUR_DORMANT
f35144765037,ACC-316,RUN002,PB08_NURTURE,NUR_RETURNED
72f88603e5d2,ACC-317,RUN002,PB08_NURTURE,NUR_DORMANT
a7af2ab24f72,ACC-318,RUN002,PB08_NURTURE,NUR_STANDARD
370480312be3,ACC-319,RUN002,PB08_NURTURE,NUR_DORMANT
90fe3d1a4327,ACC-320,RUN002,PB08_NURTURE,NUR_DORMANT
fe046772254c,ACC-321,RUN002,PB08_NURTURE,NUR_DORMANT
f5c1b81dd06b,ACC-322,RUN002,PB08_NURTURE,NUR_DORMANT
c552125ab390,ACC-323,RUN002,PB08_NURTURE,NUR_DORMANT
4d1b76003b22,ACC-324,RUN002,PB08_NURTURE,NUR_DORMANT
04acf9d29755,ACC-325,RUN002,PB08_NURTURE,NUR_DORMANT
dedc35c6bde7,ACC-326,RUN002,PB08_NURTURE,NUR_DORMANT
76b954533fbf,ACC-327,RUN002,PB08_NURTURE,NUR_DORMANT
33aeebc57177,ACC-328,RUN002,PB08_NURTURE,NUR_DORMANT
e2e812e4313d,ACC-329,RUN002,PB08_NURTURE,NUR_DORMANT
91567a692bc6,ACC-330,RUN002,PB08_NURTURE,NUR_DORMANT
06455cade58a,ACC-331,RUN002,PB08_NURTURE,NUR_DORMANT
990096ea67ba,ACC-332,RUN002,PB08_NURTURE,NUR_DORMANT
0cb18308da4f,ACC-333,RUN002,PB08_NURTURE,NUR_RETURNED
7435936fab67,ACC-334,RUN002,PB08_NURTURE,NUR_DORMANT
4622ddc113c7,ACC-335,RUN002,PB08_NURTURE,NUR_DORMANT
c2d236d09627,ACC-336,RUN002,PB08_NURTURE,NUR_DORMANT
463466a9e706,ACC-337,RUN002,PB08_NURTURE,NUR_DORMANT
a1a856eac763,ACC-338,RUN002,PB08_NURTURE,NUR_DORMANT
7a26e8748540,ACC-339,RUN002,PB08_NURTURE,NUR_DORMANT
a07894e4e0c3,ACC-340,RUN002,PB08_NURTURE,NUR_DORMANT
257d2ea8c08b,ACC-341,RUN002,PB08_NURTURE,NUR_NEW
9fb9fdd93ac8,ACC-342,RUN002,PB08_NURTURE,NUR_DORMANT
c9c78fc9e850,ACC-343,RUN002,PB08_NURTURE,NUR_DORMANT
5828be6a4b56,ACC-344,RUN002,PB08_NURTURE,NUR_NEW
6195433843b5,ACC-345,RUN002,PB08_NURTURE,NUR_NEW
