run_id,run_timestamp,account_id,previous_primary_nba,current_primary_nba,previous_execution_status,current_execution_status,previous_priority,current_priority,action_state,change_type,change_flags,generated_action,human_owner,notes
RUN001,2026-09-18T07:00Z,ACC-001,,Guided Self-Serve Migration,,Human Sign-Off Required,,P2,Awaiting Sign-Off,BASELINE,BASELINE,0fcb61d89d13,Portfolio Lead + Account Manager,Withheld until sign-off is recorded
RUN001,2026-09-18T07:00Z,ACC-002,,Verify Demand / Win-Back,,Ready — Human,,P1,Draft Ready,BASELINE,BASELINE,ad531f2937d6,Account Manager,Draft ready (not sent)
RUN001,2026-09-18T07:00Z,ACC-003,,Guided Self-Serve Migration,,Human Sign-Off Required,,P2,Awaiting Sign-Off,BASELINE,BASELINE,540a58c7127b,Portfolio Lead + Account Manager,Withheld until sign-off is recorded
RUN001,2026-09-18T07:00Z,ACC-004,,Guided Self-Serve Migration,,Human Sign-Off Required,,P2,Awaiting Sign-Off,BASELINE,BASELINE,08d49164fd60,Portfolio Lead + Account Manager,Withheld until sign-off is recorded
RUN001,2026-09-18T07:00Z,ACC-005,,Retention Conversation,,HOLD — Critical Data Issue,,P0,On Hold,BASELINE,BASELINE,5b28ca9bd14c,Portfolio Lead,Withheld: account on HOLD (critical data issue)
RUN001,2026-09-18T07:00Z,ACC-006,,Guided Self-Serve Migration,,Human Sign-Off Required,,P2,Awaiting Sign-Off,BASELINE,BASELINE,e3d57b7950e8,Portfolio Lead + Account Manager,Withheld until sign-off is recorded
RUN001,2026-09-18T07:00Z,ACC-007,,Guided Self-Serve Migration,,Human Sign-Off Required,,P2,Awaiting Sign-Off,BASELINE,BASELINE,5d2eb2a4b67f,Portfolio Lead + Account Manager,Withheld until sign-off is recorded
RUN001,2026-09-18T07:00Z,ACC-008,,Retention Conversation,,Ready — Human,,P1,Draft Ready,BASELINE,BASELINE,bbf41110e504,Account Manager,Draft ready (not sent)
RUN001,2026-09-18T07:00Z,ACC-009,,Retention Conversation,,Ready — Human,,P1,Draft Ready,BASELINE,BASELINE,14b26d9cbee4,Account Manager,Draft ready (not sent)
RUN001,2026-09-18T07:00Z,ACC-010,,Retention Conversation,,Ready — Human,,P1,Draft Ready,BASELINE,BASELINE,4966e1678608,Account Manager,Draft ready (not sent)
RUN001,2026-09-18T07:00Z,ACC-011,,Establish / Re-establish,,Ready — Human,,P2,Draft Ready,BASELINE,BASELINE,7524c507b827,Account Manager,Draft ready (not sent)
RUN001,2026-09-18T07:00Z,ACC-012,,Guided Self-Serve Migration,,Human Sign-Off Required,,P2,Awaiting Sign-Off,BASELINE,BASELINE,b5cb9babc36d,Portfolio Lead + Account Manager,Withheld until sign-off is recorded
RUN001,2026-09-18T07:00Z,ACC-013,,Retention Conversation,,Ready — Human,,P1,Draft Ready,BASELINE,BASELINE,d5ca9688e26f,Account Manager,Draft ready (not sent)
RUN001,2026-09-18T07:00Z,ACC-014,,Retention Conversation,,Ready — Human,,P1,Draft Ready,BASELINE,BASELINE,3541cedf4075,Account Manager,Draft ready (not sent)
RUN001,2026-09-18T07:00Z,ACC-015,,Verify Demand / Win-Back,,Ready — Human,,P1,Draft Ready,BASELINE,BASELINE,2285c67f93e3,Account Manager,Draft ready (not sent)
RUN001,2026-09-18T07:00Z,ACC-016,,Guided Self-Serve Migration,,Human Sign-Off Required,,P2,Awaiting Sign-Off,BASELINE,BASELINE,37d831150a2a,Portfolio Lead + Account Manager,Withheld until sign-off is recorded
RUN001,2026-09-18T07:00Z,ACC-017,,Retention Conversation,,Ready — Human,,P1,Draft Ready,BASELINE,BASELINE,5cb38fc6a985,Account Manager,Draft ready (not sent)
RUN001,2026-09-18T07:00Z,ACC-018,,Retention Conversation,,Ready — Human,,P1,Draft Ready,BASELINE,BASELINE,b301fe425ce1,Account Manager,Draft ready (not sent)
RUN001,2026-09-18T07:00Z,ACC-019,,Guided Self-Serve Migration,,Ready — Hybrid,,P2,Draft Ready,BASELINE,BASELINE,007fe44db0d2,Account Manager,Draft ready (not sent)
RUN001,2026-09-18T07:00Z,ACC-020,,Guided Self-Serve Migration,,Human Review Required,,P2,Awaiting Human Review,BASELINE,BASELINE,52e8620a3f1a,Account Manager,Withheld until human review is complete
RUN001,2026-09-18T07:00Z,ACC-021,,Retention Conversation,,Ready — Human,,P1,Draft Ready,BASELINE,BASELINE,71752711fe5b,Account Manager,Draft ready (not sent)
RUN001,2026-09-18T07:00Z,ACC-022,,Retention Conversation,,Ready — Human,,P1,Draft Ready,BASELINE,BASELINE,8f37f6a06496,Account Manager,Draft ready (not sent)
RUN001,2026-09-18T07:00Z,ACC-023,,Retention Conversation,,Ready — Human,,P1,Draft Ready,BASELINE,BASELINE,2808d52199a5,Account Manager,Draft ready (not sent)
RUN001,2026-09-18T07:00Z,ACC-024,,Guided Self-Serve Migration,,Human Review Required,,P2,Awaiting Human Review,BASELINE,BASELINE,49dad3347eeb,Account Manager,Withheld until human review is complete
RUN001,2026-09-18T07:00Z,ACC-025,,Reinforce Successful Behaviour,,Ready — Automated,,P2,Draft Ready,BASELINE,BASELINE,ca096fe30dd8,Automation,Draft ready (not sent)
RUN001,2026-09-18T07:00Z,ACC-026,,Verify Demand / Win-Back,,Ready — Human,,P1,Draft Ready,BASELINE,BASELINE,beae7abebe16,Account Manager,Draft ready (not sent)
RUN001,2026-09-18T07:00Z,ACC-027,,Guided Self-Serve Migration,,Ready — Hybrid,,P2,Draft Ready,BASELINE,BASELINE,c2f68f7ca5fd,Account Manager,Draft ready (not sent)
RUN001,2026-09-18T07:00Z,ACC-028,,Retention Conversation,,Ready — Human,,P1,Draft Ready,BASELINE,BASELINE,f91bbd0fb68a,Account Manager,Draft ready (not sent)
RUN001,2026-09-18T07:00Z,ACC-029,,Guided Self-Serve Migration,,Ready — Human,,P3,Draft Ready,BASELINE,BASELINE,65f4916d6b6c,Account Manager,Draft ready (not sent)
RUN001,2026-09-18T07:00Z,ACC-030,,Guided Self-Serve Migration,,Ready — Hybrid,,P2,Draft Ready,BASELINE,BASELINE,159c0643b8b5,Account Manager,Draft ready (not sent)
RUN001,2026-09-18T07:00Z,ACC-031,,Guided Self-Serve Migration,,Ready — Hybrid,,P2,Draft Ready,BASELINE,BASELINE,9699924bde84,Account Manager,Draft ready (not sent)
RUN001,2026-09-18T07:00Z,ACC-032,,Verify Demand / Win-Back,,Ready — Human,,P1,Draft Ready,BASELINE,BASELINE,8480fbee4c85,Account Manager,Draft ready (not sent)
RUN001,2026-09-18T07:00Z,ACC-033,,Guided Self-Serve Migration,,Human Review Required,,P2,Awaiting Human Review,BASELINE,BASELINE,16ee29db7b94,Account Manager,Withheld until human review is complete
RUN001,2026-09-18T07:00Z,ACC-034,,Guided Self-Serve Migration,,Ready — Human,,P3,Draft Ready,BASELINE,BASELINE,879ab96f7320,Account Manager,Draft ready (not sent)
RUN001,2026-09-18T07:00Z,ACC-035,,Retention Conversation,,Ready — Human,,P1,Draft Ready,BASELINE,BASELINE,54b853a6f434,Account Manager,Draft ready (not sent)
RUN001,2026-09-18T07:00Z,ACC-036,,Guided Self-Serve Migration,,Human Review Required,,P2,Awaiting Human Review,BASELINE,BASELINE,bf548797d462,Account Manager,Withheld until human review is complete
RUN001,2026-09-18T07:00Z,ACC-037,,Retention Conversation,,Ready — Human,,P1,Draft Ready,BASELINE,BASELINE,f3fb6364e78b,Account Manager,Draft ready (not sent)
RUN001,2026-09-18T07:00Z,ACC-038,,Verify Demand / Win-Back,,Ready — Human,,P1,Draft Ready,BASELINE,BASELINE,172ea5e0f915,Account Manager,Draft ready (not sent)
RUN001,2026-09-18T07:00Z,ACC-039,,Guided Self-Serve Migration,,Ready — Human,,P3,Draft Ready,BASELINE,BASELINE,0fcf3873bc5c,Account Manager,Draft ready (not sent)
RUN001,2026-09-18T07:00Z,ACC-040,,Retention Conversation,,Ready — Human,,P1,Draft Ready,BASELINE,BASELINE,923b662583c0,Account Manager,Draft ready (not sent)
RUN001,2026-09-18T07:00Z,ACC-041,,Retention Conversation,,Ready — Human,,P1,Draft Ready,BASELINE,BASELINE,664c8c477044,Account Manager,Draft ready (not sent)
RUN001,2026-09-18T07:00Z,ACC-042,,Verify Demand / Win-Back,,Ready — Human,,P1,Draft Ready,BASELINE,BASELINE,931083a5e42a,Account Manager,Draft ready (not sent)
RUN001,2026-09-18T07:00Z,ACC-043,,Retention Conversation,,Ready — Human,,P1,Draft Ready,BASELINE,BASELINE,635522c38afb,Account Manager,Draft ready (not sent)
RUN001,2026-09-18T07:00Z,ACC-044,,Verify Demand / Win-Back,,Ready — Human,,P1,Draft Ready,BASELINE,BASELINE,a9062c502f88,Account Manager,Draft ready (not sent)
RUN001,2026-09-18T07:00Z,ACC-045,,Retention Conversation,,Ready — Human,,P1,Draft Ready,BASELINE,BASELINE,c17333135b8d,Account Manager,Draft ready (not sent)
RUN001,2026-09-18T07:00Z,ACC-046,,Retention Conversation,,Ready — Human,,P1,Draft Ready,BASELINE,BASELINE,22073667808a,Account Manager,Draft ready (not sent)
RUN001,2026-09-18T07:00Z,ACC-047,,Establish / Re-establish,,Ready — Human,,P2,Draft Ready,BASELINE,BASELINE,d857ee7a7173,Account Manager,Draft ready (not sent)
RUN001,2026-09-18T07:00Z,ACC-048,,Establish / Re-establish,,Ready — Human,,P2,Draft Ready,BASELINE,BASELINE,85c8f6987236,Account Manager,Draft ready (not sent)
RUN001,2026-09-18T07:00Z,ACC-049,,Guided Self-Serve Migration,,Ready — Human,,P3,Draft Ready,BASELINE,BASELINE,e8d7cc4929a3,Account Manager,Draft ready (not sent)
RUN001,2026-09-18T07:00Z,ACC-050,,Verify Demand / Win-Back,,Ready — Human,,P1,Draft Ready,BASELINE,BASELINE,40b9f8023762,Account Manager,Draft ready (not sent)
RUN001,2026-09-18T07:00Z,ACC-051,,Retention Conversation,,Ready — Human,,P1,Draft Ready,BASELINE,BASELINE,8f849ec07bb5,Account Manager,Draft ready (not sent)
RUN001,2026-09-18T07:00Z,ACC-052,,Retention Conversation,,Ready — Human,,P1,Draft Ready,BASELINE,BASELINE,3949b831e958,Account Manager,Draft ready (not sent)
RUN001,2026-09-18T07:00Z,ACC-053,,Retention Conversation,,Ready — Human,,P1,Draft Ready,BASELINE,BASELINE,09ce1ffaedd3,Account Manager,Draft ready (not sent)
RUN001,2026-09-18T07:00Z,ACC-054,,Retention Conversation,,Ready — Human,,P1,Draft Ready,BASELINE,BASELINE,44941c7c6027,Account Manager,Draft ready (not sent)
RUN001,2026-09-18T07:00Z,ACC-055,,Retention Conversation,,Ready — Human,,P1,Draft Ready,BASELINE,BASELINE,84ba41df31ac,Account Manager,Draft ready (not sent)
RUN001,2026-09-18T07:00Z,ACC-056,,Guided Self-Serve Migration,,Human Review Required,,P2,Awaiting Human Review,BASELINE,BASELINE,3ef68990c056,Account Manager,Withheld until human review is complete
RUN001,2026-09-18T07:00Z,ACC-057,,Guided Self-Serve Migration,,Ready — Human,,P3,Draft Ready,BASELINE,BASELINE,debc77818ad3,Account Manager,Draft ready (not sent)
RUN001,2026-09-18T07:00Z,ACC-058,,Guided Self-Serve Migration,,Human Review Required,,P2,Awaiting Human Review,BASELINE,BASELINE,3814d6df488f,Account Manager,Withheld until human review is complete
RUN001,2026-09-18T07:00Z,ACC-059,,Retention Conversation,,Ready — Human,,P1,Draft Ready,BASELINE,BASELINE,70b8c061b647,Account Manager,Draft ready (not sent)
RUN001,2026-09-18T07:00Z,ACC-060,,Verify Demand / Win-Back,,Ready — Human,,P1,Draft Ready,BASELINE,BASELINE,78939faa3343,Account Manager,Draft ready (not sent)
RUN001,2026-09-18T07:00Z,ACC-061,,Retention Conversation,,Ready — Human,,P1,Draft Ready,BASELINE,BASELINE,e28cb5549b54,Account Manager,Draft ready (not sent)
RUN001,2026-09-18T07:00Z,ACC-062,,Verify Demand / Win-Back,,Ready — Human,,P1,Draft Ready,BASELINE,BASELINE,83b24c3c09c6,Account Manager,Draft ready (not sent)
RUN001,2026-09-18T07:00Z,ACC-063,,Automated Nurture,,Ready — Automated,,P4,Draft Ready,BASELINE,BASELINE,ac28d5041fff,Automation,Draft ready (not sent)
RUN001,2026-09-18T07:00Z,ACC-064,,Service Model Review,,Ready — Human,,P3,Not Started,BASELINE,BASELINE,ea60047c0021,Portfolio Lead,None: internal-only review
RUN001,2026-09-18T07:00Z,ACC-065,,Automated Nurture,,Ready — Automated,,P3,Draft Ready,BASELINE,BASELINE,c3a72372035f,Automation,Draft ready (not sent)
RUN001,2026-09-18T07:00Z,ACC-066,,Automated Nurture,,Ready — Automated,,P4,Draft Ready,BASELINE,BASELINE,f751494a0af2,Automation,Draft ready (not sent)
RUN001,2026-09-18T07:00Z,ACC-067,,Service Model Review,,Ready — Human,,P3,Not Started,BASELINE,BASELINE,59d976603aa8,Portfolio Lead,None: internal-only review
RUN001,2026-09-18T07:00Z,ACC-068,,Reinforce Successful Behaviour,,Ready — Automated,,P3,Draft Ready,BASELINE,BASELINE,d388a5f593ab,Automation,Draft ready (not sent)
RUN001,2026-09-18T07:00Z,ACC-069,,Automated Nurture,,Ready — Automated,,P4,Draft Ready,BASELINE,BASELINE,d5e8a6c32695,Automation,Draft ready (not sent)
RUN001,2026-09-18T07:00Z,ACC-070,,Automated Nurture,,Ready — Automated,,P4,Draft Ready,BASELINE,BASELINE,953b6127c446,Automation,Draft ready (not sent)
RUN001,2026-09-18T07:00Z,ACC-071,,Service Model Review,,Ready — Human,,P3,Not Started,BASELINE,BASELINE,6cd01173727a,Portfolio Lead,None: internal-only review
RUN001,2026-09-18T07:00Z,ACC-072,,Automated Nurture,,Ready — Automated,,P4,Draft Ready,BASELINE,BASELINE,5ae2b2cde0f1,Automation,Draft ready (not sent)
RUN001,2026-09-18T07:00Z,ACC-073,,Automated Nurture,,Ready — Automated,,P4,Draft Ready,BASELINE,BASELINE,f47f5f56f997,Automation,Draft ready (not sent)
RUN001,2026-09-18T07:00Z,ACC-074,,Service Model Review,,Ready — Human,,P3,Not Started,BASELINE,BASELINE,0fab81c98c28,Portfolio Lead,None: internal-only review
RUN001,2026-09-18T07:00Z,ACC-075,,Service Model Review,,Ready — Human,,P3,Not Started,BASELINE,BASELINE,5e51c9a1ed5c,Portfolio Lead,None: internal-only review
RUN001,2026-09-18T07:00Z,ACC-076,,Automated Nurture,,Ready — Automated,,P4,Draft Ready,BASELINE,BASELINE,ec3b1426520d,Automation,Draft ready (not sent)
RUN001,2026-09-18T07:00Z,ACC-077,,Service Model Review,,Ready — Human,,P3,Not Started,BASELINE,BASELINE,4c8d2cf7f6c3,Portfolio Lead,None: internal-only review
RUN001,2026-09-18T07:00Z,ACC-078,,Automated Nurture,,Human Review Required,,P3,Awaiting Human Review,BASELINE,BASELINE,6f3017b032a8,Portfolio Lead,Withheld until human review is complete
RUN001,2026-09-18T07:00Z,ACC-079,,Automated Nurture,,Ready — Automated,,P4,Draft Ready,BASELINE,BASELINE,e891406e4c4e,Automation,Draft ready (not sent)
RUN001,2026-09-18T07:00Z,ACC-080,,Service Model Review,,Ready — Human,,P3,Not Started,BASELINE,BASELINE,71d07324867c,Portfolio Lead,None: internal-only review
RUN001,2026-09-18T07:00Z,ACC-081,,Automated Nurture,,Ready — Automated,,P4,Draft Ready,BASELINE,BASELINE,66f3801b7ad9,Automation,Draft ready (not sent)
RUN001,2026-09-18T07:00Z,ACC-082,,Automated Nurture,,Ready — Automated,,P4,Draft Ready,BASELINE,BASELINE,212eccfd4c0a,Automation,Draft ready (not sent)
RUN001,2026-09-18T07:00Z,ACC-083,,Reinforce Successful Behaviour,,Ready — Automated,,P3,Draft Ready,BASELINE,BASELINE,aa8993285b83,Automation,Draft ready (not sent)
RUN001,2026-09-18T07:00Z,ACC-084,,Automated Nurture,,Ready — Automated,,P4,Draft Ready,BASELINE,BASELINE,f1af6b517a0f,Automation,Draft ready (not sent)
RUN001,2026-09-18T07:00Z,ACC-085,,Reinforce Successful Behaviour,,Ready — Automated,,P3,Draft Ready,BASELINE,BASELINE,f2b94879059a,Automation,Draft ready (not sent)
RUN001,2026-09-18T07:00Z,ACC-086,,Automated Nurture,,Ready — Automated,,P3,Draft Ready,BASELINE,BASELINE,51560fabe901,Automation,Draft ready (not sent)
RUN001,2026-09-18T07:00Z,ACC-087,,Automated Nurture,,Ready — Automated,,P4,Draft Ready,BASELINE,BASELINE,2eeccb8ab72f,Automation,Draft ready (not sent)
RUN001,2026-09-18T07:00Z,ACC-088,,Automated Nurture,,Ready — Automated,,P4,Draft Ready,BASELINE,BASELINE,3d46b9f4fdf1,Automation,Draft ready (not sent)
RUN001,2026-09-18T07:00Z,ACC-089,,Automated Nurture,,Ready — Automated,,P4,Draft Ready,BASELINE,BASELINE,83b65679867a,Automation,Draft ready (not sent)
RUN001,2026-09-18T07:00Z,ACC-090,,Automated Nurture,,Ready — Automated,,P4,Draft Ready,BASELINE,BASELINE,830b19085775,Automation,Draft ready (not sent)
RUN001,2026-09-18T07:00Z,ACC-091,,Automated Nurture,,Ready — Automated,,P4,Draft Ready,BASELINE,BASELINE,140a44aa2700,Automation,Draft ready (not sent)
RUN001,2026-09-18T07:00Z,ACC-092,,Automated Nurture,,Ready — Automated,,P4,Draft Ready,BASELINE,BASELINE,7126aeffae9c,Automation,Draft ready (not sent)
RUN001,2026-09-18T07:00Z,ACC-093,,Automated Nurture,,Ready — Automated,,P4,Draft Ready,BASELINE,BASELINE,084576f9c5fd,Automation,Draft ready (not sent)
RUN001,2026-09-18T07:00Z,ACC-094,,Automated Nurture,,Ready — Automated,,P4,Draft Ready,BASELINE,BASELINE,2273d6e9399f,Automation,Draft ready (not sent)
RUN001,2026-09-18T07:00Z,ACC-095,,Automated Nurture,,Ready — Automated,,P4,Draft Ready,BASELINE,BASELINE,703b0a097633,Automation,Draft ready (not sent)
RUN001,2026-09-18T07:00Z,ACC-096,,Automated Nurture,,Ready — Automated,,P4,Draft Ready,BASELINE,BASELINE,6d8dcd1f0f79,Automation,Draft ready (not sent)
RUN001,2026-09-18T07:00Z,ACC-097,,Automated Nurture,,Ready — Automated,,P4,Draft Ready,BASELINE,BASELINE,02cd252e0cbc,Automation,Draft ready (not sent)
RUN001,2026-09-18T07:00Z,ACC-098,,Automated Nurture,,Ready — Automated,,P4,Draft Ready,BASELINE,BASELINE,fabe0d80dfb9,Automation,Draft ready (not sent)
RUN001,2026-09-18T07:00Z,ACC-099,,Automated Nurture,,Ready — Automated,,P4,Draft Ready,BASELINE,BASELINE,2cb7ed3cc060,Automation,Draft ready (not sent)
RUN001,2026-09-18T07:00Z,ACC-100,,Automated Nurture,,Ready — Automated,,P4,Draft Ready,BASELINE,BASELINE,fb1e7d3fb6e3,Automation,Draft ready (not sent)
RUN001,2026-09-18T07:00Z,ACC-101,,Automated Nurture,,Ready — Automated,,P4,Draft Ready,BASELINE,BASELINE,db53945d941b,Automation,Draft ready (not sent)
RUN001,2026-09-18T07:00Z,ACC-102,,Automated Nurture,,Ready — Automated,,P4,Draft Ready,BASELINE,BASELINE,d0dbce3413e6,Automation,Draft ready (not sent)
RUN001,2026-09-18T07:00Z,ACC-103,,Automated Nurture,,Ready — Automated,,P4,Draft Ready,BASELINE,BASELINE,538b08a9a379,Automation,Draft ready (not sent)
RUN001,2026-09-18T07:00Z,ACC-104,,Service Model Review,,Ready — Human,,P3,Not Started,BASELINE,BASELINE,8b1c267f7bdf,Portfolio Lead,None: internal-only review
RUN001,2026-09-18T07:00Z,ACC-105,,Automated Nurture,,Ready — Automated,,P4,Draft Ready,BASELINE,BASELINE,e71b26c93fb8,Automation,Draft ready (not sent)
RUN001,2026-09-18T07:00Z,ACC-106,,Automated Nurture,,Ready — Automated,,P4,Draft Ready,BASELINE,BASELINE,d3ee7ca0c4ff,Automation,Draft ready (not sent)
RUN001,2026-09-18T07:00Z,ACC-107,,Automated Nurture,,Ready — Automated,,P4,Draft Ready,BASELINE,BASELINE,992c78051d9e,Automation,Draft ready (not sent)
RUN001,2026-09-18T07:00Z,ACC-108,,Automated Nurture,,Ready — Automated,,P4,Draft Ready,BASELINE,BASELINE,8019ed528f62,Automation,Draft ready (not sent)
RUN001,2026-09-18T07:00Z,ACC-109,,Automated Nurture,,Ready — Automated,,P4,Draft Ready,BASELINE,BASELINE,b0b92af43152,Automation,Draft ready (not sent)
RUN001,2026-09-18T07:00Z,ACC-110,,Automated Nurture,,Ready — Automated,,P4,Draft Ready,BASELINE,BASELINE,a64bfa52730f,Automation,Draft ready (not sent)
RUN001,2026-09-18T07:00Z,ACC-111,,Discovery-to-Offer Enablement,,Human Review Required,,P3,Awaiting Human Review,BASELINE,BASELINE,99ad3fc1cdb9,Portfolio Lead,Withheld until human review is complete
RUN001,2026-09-18T07:00Z,ACC-112,,Automated Nurture,,Ready — Automated,,P4,Draft Ready,BASELINE,BASELINE,7df27874c3b8,Automation,Draft ready (not sent)
RUN001,2026-09-18T07:00Z,ACC-113,,Automated Nurture,,Ready — Automated,,P4,Draft Ready,BASELINE,BASELINE,3e57044e1daf,Automation,Draft ready (not sent)
RUN001,2026-09-18T07:00Z,ACC-114,,Automated Nurture,,Ready — Automated,,P4,Draft Ready,BASELINE,BASELINE,7fc0ae8a7c30,Automation,Draft ready (not sent)
RUN001,2026-09-18T07:00Z,ACC-115,,Automated Nurture,,Ready — Automated,,P4,Draft Ready,BASELINE,BASELINE,f4a439b839e7,Automation,Draft ready (not sent)
RUN001,2026-09-18T07:00Z,ACC-116,,Automated Nurture,,Ready — Automated,,P4,Draft Ready,BASELINE,BASELINE,f34435f6e226,Automation,Draft ready (not sent)
RUN001,2026-09-18T07:00Z,ACC-117,,Automated Nurture,,Ready — Automated,,P4,Draft Ready,BASELINE,BASELINE,8ae172b2ba78,Automation,Draft ready (not sent)
RUN001,2026-09-18T07:00Z,ACC-118,,Automated Nurture,,Ready — Automated,,P4,Draft Ready,BASELINE,BASELINE,e765cba3ba50,Automation,Draft ready (not sent)
RUN001,2026-09-18T07:00Z,ACC-119,,Automated Nurture,,Ready — Automated,,P4,Draft Ready,BASELINE,BASELINE,87e5a2126111,Automation,Draft ready (not sent)
RUN001,2026-09-18T07:00Z,ACC-120,,Automated Nurture,,Ready — Automated,,P4,Draft Ready,BASELINE,BASELINE,90acb7571c37,Automation,Draft ready (not sent)
RUN001,2026-09-18T07:00Z,ACC-121,,Automated Nurture,,Ready — Automated,,P4,Draft Ready,BASELINE,BASELINE,f557f84a1951,Automation,Draft ready (not sent)
RUN001,2026-09-18T07:00Z,ACC-122,,Automated Nurture,,Ready — Automated,,P4,Draft Ready,BASELINE,BASELINE,203623c791d0,Automation,Draft ready (not sent)
RUN001,2026-09-18T07:00Z,ACC-123,,Automated Nurture,,Ready — Automated,,P4,Draft Ready,BASELINE,BASELINE,dbae9c2bcb99,Automation,Draft ready (not sent)
RUN001,2026-09-18T07:00Z,ACC-124,,Automated Nurture,,Ready — Automated,,P4,Draft Ready,BASELINE,BASELINE,4be814066136,Automation,Draft ready (not sent)
RUN001,2026-09-18T07:00Z,ACC-125,,Automated Nurture,,Ready — Automated,,P4,Draft Ready,BASELINE,BASELINE,cf9394c535a7,Automation,Draft ready (not sent)
RUN001,2026-09-18T07:00Z,ACC-126,,Automated Nurture,,Ready — Automated,,P4,Draft Ready,BASELINE,BASELINE,8823a19ce816,Automation,Draft ready (not sent)
RUN001,2026-09-18T07:00Z,ACC-127,,Automated Nurture,,Ready — Automated,,P4,Draft Ready,BASELINE,BASELINE,e5b3874332b0,Automation,Draft ready (not sent)
RUN001,2026-09-18T07:00Z,ACC-128,,Automated Nurture,,Ready — Automated,,P4,Draft Ready,BASELINE,BASELINE,8c487f2810c7,Automation,Draft ready (not sent)
RUN001,2026-09-18T07:00Z,ACC-129,,Automated Nurture,,Ready — Automated,,P4,Draft Ready,BASELINE,BASELINE,99bf6290f84c,Automation,Draft ready (not sent)
RUN001,2026-09-18T07:00Z,ACC-130,,Automated Nurture,,Ready — Automated,,P4,Draft Ready,BASELINE,BASELINE,910268da6275,Automation,Draft ready (not sent)
RUN001,2026-09-18T07:00Z,ACC-131,,Automated Nurture,,Ready — Automated,,P4,Draft Ready,BASELINE,BASELINE,b6ce092011bb,Automation,Draft ready (not sent)
RUN001,2026-09-18T07:00Z,ACC-132,,Automated Nurture,,Ready — Automated,,P4,Draft Ready,BASELINE,BASELINE,77b3482a05a9,Automation,Draft ready (not sent)
RUN001,2026-09-18T07:00Z,ACC-133,,Automated Nurture,,Ready — Automated,,P4,Draft Ready,BASELINE,BASELINE,084a224ed92a,Automation,Draft ready (not sent)
RUN001,2026-09-18T07:00Z,ACC-134,,Automated Nurture,,Ready — Automated,,P4,Draft Ready,BASELINE,BASELINE,5e0879409efc,Automation,Draft ready (not sent)
RUN001,2026-09-18T07:00Z,ACC-135,,Automated Nurture,,Ready — Automated,,P4,Draft Ready,BASELINE,BASELINE,340151ba9252,Automation,Draft ready (not sent)
RUN001,2026-09-18T07:00Z,ACC-136,,Automated Nurture,,Ready — Automated,,P4,Draft Ready,BASELINE,BASELINE,87787273a2ed,Automation,Draft ready (not sent)
RUN001,2026-09-18T07:00Z,ACC-137,,Automated Nurture,,Ready — Automated,,P4,Draft Ready,BASELINE,BASELINE,d2b82a82d987,Automation,Draft ready (not sent)
RUN001,2026-09-18T07:00Z,ACC-138,,Automated Nurture,,Ready — Automated,,P4,Draft Ready,BASELINE,BASELINE,6f1215804a77,Automation,Draft ready (not sent)
RUN001,2026-09-18T07:00Z,ACC-139,,Automated Nurture,,Ready — Automated,,P4,Draft Ready,BASELINE,BASELINE,f6376901a81a,Automation,Draft ready (not sent)
RUN001,2026-09-18T07:00Z,ACC-140,,Automated Nurture,,Ready — Automated,,P4,Draft Ready,BASELINE,BASELINE,c549f5a75fb0,Automation,Draft ready (not sent)
RUN001,2026-09-18T07:00Z,ACC-141,,Automated Nurture,,Ready — Automated,,P4,Draft Ready,BASELINE,BASELINE,5985adec5f86,Automation,Draft ready (not sent)
RUN001,2026-09-18T07:00Z,ACC-142,,Automated Nurture,,Ready — Automated,,P4,Draft Ready,BASELINE,BASELINE,b79587714460,Automation,Draft ready (not sent)
RUN001,2026-09-18T07:00Z,ACC-143,,Automated Nurture,,Ready — Automated,,P4,Draft Ready,BASELINE,BASELINE,718f67ad5bea,Automation,Draft ready (not sent)
RUN001,2026-09-18T07:00Z,ACC-144,,Automated Nurture,,Ready — Automated,,P4,Draft Ready,BASELINE,BASELINE,a406cb8907ce,Automation,Draft ready (not sent)
RUN001,2026-09-18T07:00Z,ACC-145,,Automated Nurture,,Ready — Automated,,P4,Draft Ready,BASELINE,BASELINE,b5775c88903a,Automation,Draft ready (not sent)
RUN001,2026-09-18T07:00Z,ACC-146,,Automated Nurture,,Ready — Automated,,P4,Draft Ready,BASELINE,BASELINE,71c6f516f13c,Automation,Draft ready (not sent)
RUN001,2026-09-18T07:00Z,ACC-147,,Automated Nurture,,Ready — Automated,,P4,Draft Ready,BASELINE,BASELINE,6f72baa891cd,Automation,Draft ready (not sent)
RUN001,2026-09-18T07:00Z,ACC-148,,Automated Nurture,,Ready — Automated,,P4,Draft Ready,BASELINE,BASELINE,ce263c8e5d09,Automation,Draft ready (not sent)
RUN001,2026-09-18T07:00Z,ACC-149,,Automated Nurture,,Ready — Automated,,P4,Draft Ready,BASELINE,BASELINE,fee9be9e2d9d,Automation,Draft ready (not sent)
RUN001,2026-09-18T07:00Z,ACC-150,,Automated Nurture,,Ready — Automated,,P4,Draft Ready,BASELINE,BASELINE,461b8dcad11b,Automation,Draft ready (not sent)
RUN001,2026-09-18T07:00Z,ACC-151,,Automated Nurture,,Ready — Automated,,P4,Draft Ready,BASELINE,BASELINE,c4a9c012f207,Automation,Draft ready (not sent)
RUN001,2026-09-18T07:00Z,ACC-152,,Automated Nurture,,Ready — Automated,,P4,Draft Ready,BASELINE,BASELINE,68bcd0953328,Automation,Draft ready (not sent)
RUN001,2026-09-18T07:00Z,ACC-153,,Automated Nurture,,Ready — Automated,,P4,Draft Ready,BASELINE,BASELINE,5cb129ab6340,Automation,Draft ready (not sent)
RUN001,2026-09-18T07:00Z,ACC-154,,Automated Nurture,,Ready — Automated,,P4,Draft Ready,BASELINE,BASELINE,5428cabb9d9f,Automation,Draft ready (not sent)
RUN001,2026-09-18T07:00Z,ACC-155,,Automated Nurture,,Ready — Automated,,P4,Draft Ready,BASELINE,BASELINE,c0908b843125,Automation,Draft ready (not sent)
RUN001,2026-09-18T07:00Z,ACC-156,,Automated Nurture,,Ready — Automated,,P4,Draft Ready,BASELINE,BASELINE,3bb5df054133,Automation,Draft ready (not sent)
RUN001,2026-09-18T07:00Z,ACC-157,,Automated Nurture,,Ready — Automated,,P4,Draft Ready,BASELINE,BASELINE,6b87ee703075,Automation,Draft ready (not sent)
RUN001,2026-09-18T07:00Z,ACC-158,,Automated Nurture,,Ready — Automated,,P4,Draft Ready,BASELINE,BASELINE,1dbda6f70061,Automation,Draft ready (not sent)
RUN001,2026-09-18T07:00Z,ACC-159,,Automated Nurture,,Ready — Automated,,P4,Draft Ready,BASELINE,BASELINE,7cbc6f3fbf1c,Automation,Draft ready (not sent)
RUN001,2026-09-18T07:00Z,ACC-160,,Discovery-to-Offer Enablement,,Ready — Automated,,P3,Draft Ready,BASELINE,BASELINE,597ead36ba57,Automation,Draft ready (not sent)
RUN001,2026-09-18T07:00Z,ACC-161,,Automated Nurture,,Ready — Automated,,P4,Draft Ready,BASELINE,BASELINE,8797b83ec891,Automation,Draft ready (not sent)
RUN001,2026-09-18T07:00Z,ACC-162,,Automated Nurture,,Ready — Automated,,P4,Draft Ready,BASELINE,BASELINE,e5aa3015ef20,Automation,Draft ready (not sent)
RUN001,2026-09-18T07:00Z,ACC-163,,Automated Nurture,,Ready — Automated,,P4,Draft Ready,BASELINE,BASELINE,dec2da24e53e,Automation,Draft ready (not sent)
RUN001,2026-09-18T07:00Z,ACC-164,,Automated Nurture,,Ready — Automated,,P4,Draft Ready,BASELINE,BASELINE,46fd7d116945,Automation,Draft ready (not sent)
RUN001,2026-09-18T07:00Z,ACC-165,,Automated Nurture,,Ready — Automated,,P4,Draft Ready,BASELINE,BASELINE,a9176dd82c9e,Automation,Draft ready (not sent)
RUN001,2026-09-18T07:00Z,ACC-166,,Automated Nurture,,Ready — Automated,,P4,Draft Ready,BASELINE,BASELINE,bff2ff30b402,Automation,Draft ready (not sent)
RUN001,2026-09-18T07:00Z,ACC-167,,Automated Nurture,,Ready — Automated,,P4,Draft Ready,BASELINE,BASELINE,81735233d7db,Automation,Draft ready (not sent)
RUN001,2026-09-18T07:00Z,ACC-168,,Automated Nurture,,Ready — Automated,,P4,Draft Ready,BASELINE,BASELINE,87e11c2eef11,Automation,Draft ready (not sent)
RUN001,2026-09-18T07:00Z,ACC-169,,Automated Nurture,,Ready — Automated,,P4,Draft Ready,BASELINE,BASELINE,5a2085c35ca6,Automation,Draft ready (not sent)
RUN001,2026-09-18T07:00Z,ACC-170,,Automated Nurture,,Ready — Automated,,P4,Draft Ready,BASELINE,BASELINE,e2d527d359b1,Automation,Draft ready (not sent)
RUN001,2026-09-18T07:00Z,ACC-171,,Automated Nurture,,Ready — Automated,,P4,Draft Ready,BASELINE,BASELINE,0f7ed91d60c6,Automation,Draft ready (not sent)
RUN001,2026-09-18T07:00Z,ACC-172,,Automated Nurture,,Ready — Automated,,P4,Draft Ready,BASELINE,BASELINE,d5d9e8818345,Automation,Draft ready (not sent)
RUN001,2026-09-18T07:00Z,ACC-173,,Automated Nurture,,Ready — Automated,,P4,Draft Ready,BASELINE,BASELINE,96bbc1826f82,Automation,Draft ready (not sent)
RUN001,2026-09-18T07:00Z,ACC-174,,Automated Nurture,,Ready — Automated,,P4,Draft Ready,BASELINE,BASELINE,90728367d471,Automation,Draft ready (not sent)
RUN001,2026-09-18T07:00Z,ACC-175,,Automated Nurture,,Ready — Automated,,P4,Draft Ready,BASELINE,BASELINE,3fc5483f22a9,Automation,Draft ready (not sent)
RUN001,2026-09-18T07:00Z,ACC-176,,Automated Nurture,,Ready — Automated,,P4,Draft Ready,BASELINE,BASELINE,94af0171e89c,Automation,Draft ready (not sent)
RUN001,2026-09-18T07:00Z,ACC-177,,Automated Nurture,,Ready — Automated,,P4,Draft Ready,BASELINE,BASELINE,2ef52d7e350a,Automation,Draft ready (not sent)
RUN001,2026-09-18T07:00Z,ACC-178,,Automated Nurture,,Ready — Automated,,P4,Draft Ready,BASELINE,BASELINE,9fd00c22f7a3,Automation,Draft ready (not sent)
RUN001,2026-09-18T07:00Z,ACC-179,,Automated Nurture,,Ready — Automated,,P4,Draft Ready,BASELINE,BASELINE,bb3e7953d27e,Automation,Draft ready (not sent)
RUN001,2026-09-18T07:00Z,ACC-180,,Automated Nurture,,Ready — Automated,,P4,Draft Ready,BASELINE,BASELINE,66ff983f3cb7,Automation,Draft ready (not sent)
RUN001,2026-09-18T07:00Z,ACC-181,,Automated Nurture,,Ready — Automated,,P4,Draft Ready,BASELINE,BASELINE,88e6a18c861d,Automation,Draft ready (not sent)
RUN001,2026-09-18T07:00Z,ACC-182,,Automated Nurture,,Ready — Automated,,P4,Draft Ready,BASELINE,BASELINE,d83eba19c798,Automation,Draft ready (not sent)
RUN001,2026-09-18T07:00Z,ACC-183,,Automated Nurture,,Ready — Automated,,P4,Draft Ready,BASELINE,BASELINE,4a1bec8bb6d8,Automation,Draft ready (not sent)
RUN001,2026-09-18T07:00Z,ACC-184,,Automated Nurture,,Ready — Automated,,P4,Draft Ready,BASELINE,BASELINE,87993aa90416,Automation,Draft ready (not sent)
RUN001,2026-09-18T07:00Z,ACC-185,,Automated Nurture,,Ready — Automated,,P4,Draft Ready,BASELINE,BASELINE,b871545630e4,Automation,Draft ready (not sent)
RUN001,2026-09-18T07:00Z,ACC-186,,Automated Nurture,,Ready — Automated,,P4,Draft Ready,BASELINE,BASELINE,5d7448a9ea86,Automation,Draft ready (not sent)
RUN001,2026-09-18T07:00Z,ACC-187,,Automated Nurture,,Ready — Automated,,P4,Draft Ready,BASELINE,BASELINE,88432a41333b,Automation,Draft ready (not sent)
RUN001,2026-09-18T07:00Z,ACC-188,,Automated Nurture,,Ready — Automated,,P4,Draft Ready,BASELINE,BASELINE,2acc851a5c42,Automation,Draft ready (not sent)
RUN001,2026-09-18T07:00Z,ACC-189,,Automated Nurture,,Ready — Automated,,P4,Draft Ready,BASELINE,BASELINE,cf65c3d8ed81,Automation,Draft ready (not sent)
RUN001,2026-09-18T07:00Z,ACC-190,,Automated Nurture,,Ready — Automated,,P4,Draft Ready,BASELINE,BASELINE,2df02515b01d,Automation,Draft ready (not sent)
RUN001,2026-09-18T07:00Z,ACC-191,,Automated Nurture,,Ready — Automated,,P4,Draft Ready,BASELINE,BASELINE,5fff9de1ac4f,Automation,Draft ready (not sent)
RUN001,2026-09-18T07:00Z,ACC-192,,Automated Nurture,,Ready — Automated,,P4,Draft Ready,BASELINE,BASELINE,37904806c11d,Automation,Draft ready (not sent)
RUN001,2026-09-18T07:00Z,ACC-193,,Automated Nurture,,Ready — Automated,,P4,Draft Ready,BASELINE,BASELINE,0a4fe2c852ec,Automation,Draft ready (not sent)
RUN001,2026-09-18T07:00Z,ACC-194,,Automated Nurture,,Ready — Automated,,P4,Draft Ready,BASELINE,BASELINE,0a76c7964377,Automation,Draft ready (not sent)
RUN001,2026-09-18T07:00Z,ACC-195,,Automated Nurture,,Ready — Automated,,P4,Draft Ready,BASELINE,BASELINE,20cf560eb32c,Automation,Draft ready (not sent)
RUN001,2026-09-18T07:00Z,ACC-196,,Automated Nurture,,Ready — Automated,,P4,Draft Ready,BASELINE,BASELINE,92c8d1f0ba46,Automation,Draft ready (not sent)
RUN001,2026-09-18T07:00Z,ACC-197,,Automated Nurture,,Ready — Automated,,P4,Draft Ready,BASELINE,BASELINE,4eefcefe0920,Automation,Draft ready (not sent)
RUN001,2026-09-18T07:00Z,ACC-198,,Automated Nurture,,Ready — Automated,,P4,Draft Ready,BASELINE,BASELINE,5207cde5aa9d,Automation,Draft ready (not sent)
RUN001,2026-09-18T07:00Z,ACC-199,,Automated Nurture,,Ready — Automated,,P4,Draft Ready,BASELINE,BASELINE,6f2daa2b8a4b,Automation,Draft ready (not sent)
RUN001,2026-09-18T07:00Z,ACC-200,,Automated Nurture,,Ready — Automated,,P4,Draft Ready,BASELINE,BASELINE,c10dabd89268,Automation,Draft ready (not sent)
RUN001,2026-09-18T07:00Z,ACC-201,,Automated Nurture,,Ready — Automated,,P4,Draft Ready,BASELINE,BASELINE,a3af48d3caf4,Automation,Draft ready (not sent)
RUN001,2026-09-18T07:00Z,ACC-202,,Automated Nurture,,Ready — Automated,,P4,Draft Ready,BASELINE,BASELINE,1a6eef01c49b,Automation,Draft ready (not sent)
RUN001,2026-09-18T07:00Z,ACC-203,,Automated Nurture,,Ready — Automated,,P4,Draft Ready,BASELINE,BASELINE,ae7aee7523a2,Automation,Draft ready (not sent)
RUN001,2026-09-18T07:00Z,ACC-204,,Automated Nurture,,Ready — Automated,,P4,Draft Ready,BASELINE,BASELINE,104a524f77c8,Automation,Draft ready (not sent)
RUN001,2026-09-18T07:00Z,ACC-205,,Automated Nurture,,Ready — Automated,,P4,Draft Ready,BASELINE,BASELINE,746e5665bfc5,Automation,Draft ready (not sent)
RUN001,2026-09-18T07:00Z,ACC-206,,Automated Nurture,,Ready — Automated,,P4,Draft Ready,BASELINE,BASELINE,5cf7047cb211,Automation,Draft ready (not sent)
RUN001,2026-09-18T07:00Z,ACC-207,,Automated Nurture,,Ready — Automated,,P4,Draft Ready,BASELINE,BASELINE,b473bb382241,Automation,Draft ready (not sent)
RUN001,2026-09-18T07:00Z,ACC-208,,Automated Nurture,,Ready — Automated,,P4,Draft Ready,BASELINE,BASELINE,f4d8df5c311f,Automation,Draft ready (not sent)
RUN001,2026-09-18T07:00Z,ACC-209,,Automated Nurture,,Ready — Automated,,P4,Draft Ready,BASELINE,BASELINE,0cd3ab719f0f,Automation,Draft ready (not sent)
RUN001,2026-09-18T07:00Z,ACC-210,,Automated Nurture,,Ready — Automated,,P4,Draft Ready,BASELINE,BASELINE,24eec152cce3,Automation,Draft ready (not sent)
RUN001,2026-09-18T07:00Z,ACC-211,,Retention Conversation,,Ready — Human,,P1,Draft Ready,BASELINE,BASELINE,1147923b913d,Customer Success / Growth,Draft ready (not sent)
RUN001,2026-09-18T07:00Z,ACC-212,,Reinforce Successful Behaviour,,Ready — Automated,,P2,Draft Ready,BASELINE,BASELINE,aa1e187383b5,Automation,Draft ready (not sent)
RUN001,2026-09-18T07:00Z,ACC-213,,Reinforce Successful Behaviour,,Ready — Automated,,P2,Draft Ready,BASELINE,BASELINE,91cb14df2473,Automation,Draft ready (not sent)
RUN001,2026-09-18T07:00Z,ACC-214,,Retention Conversation,,Ready — Human,,P1,Draft Ready,BASELINE,BASELINE,85018850706f,Customer Success / Growth,Draft ready (not sent)
RUN001,2026-09-18T07:00Z,ACC-215,,Verify Demand / Win-Back,,Ready — Human,,P1,Draft Ready,BASELINE,BASELINE,7be89ed5f41b,Customer Success / Growth,Draft ready (not sent)
RUN001,2026-09-18T07:00Z,ACC-216,,Verify Demand / Win-Back,,Ready — Human,,P1,Draft Ready,BASELINE,BASELINE,0ffb95bd9c91,Customer Success / Growth,Draft ready (not sent)
RUN001,2026-09-18T07:00Z,ACC-217,,Establish / Re-establish,,Ready — Automated,,P2,Draft Ready,BASELINE,BASELINE,5a52a8fcef4c,Automation,Draft ready (not sent)
RUN001,2026-09-18T07:00Z,ACC-218,,Automated Nurture,,Ready — Automated,,P4,Draft Ready,BASELINE,BASELINE,d69faed4c289,Automation,Draft ready (not sent)
RUN001,2026-09-18T07:00Z,ACC-219,,Discovery-to-Offer Enablement,,Ready — Automated,,P3,Draft Ready,BASELINE,BASELINE,9001107dfa80,Automation,Draft ready (not sent)
RUN001,2026-09-18T07:00Z,ACC-220,,Automated Nurture,,Ready — Automated,,P4,Draft Ready,BASELINE,BASELINE,8e9758ced7cd,Automation,Draft ready (not sent)
RUN001,2026-09-18T07:00Z,ACC-221,,Automated Nurture,,Ready — Automated,,P4,Draft Ready,BASELINE,BASELINE,0bec578febde,Automation,Draft ready (not sent)
RUN001,2026-09-18T07:00Z,ACC-222,,Automated Nurture,,Ready — Automated,,P4,Draft Ready,BASELINE,BASELINE,7999b569caa7,Automation,Draft ready (not sent)
RUN001,2026-09-18T07:00Z,ACC-223,,Automated Nurture,,Ready — Automated,,P4,Draft Ready,BASELINE,BASELINE,672587e39985,Automation,Draft ready (not sent)
RUN001,2026-09-18T07:00Z,ACC-224,,Automated Nurture,,Ready — Automated,,P4,Draft Ready,BASELINE,BASELINE,0f37ffd37385,Automation,Draft ready (not sent)
RUN001,2026-09-18T07:00Z,ACC-225,,Automated Nurture,,Ready — Automated,,P4,Draft Ready,BASELINE,BASELINE,e0dbb37266d4,Automation,Draft ready (not sent)
RUN001,2026-09-18T07:00Z,ACC-226,,Automated Nurture,,Ready — Automated,,P4,Draft Ready,BASELINE,BASELINE,b2110c31973b,Automation,Draft ready (not sent)
RUN001,2026-09-18T07:00Z,ACC-227,,Automated Nurture,,Ready — Automated,,P4,Draft Ready,BASELINE,BASELINE,1a28b6518089,Automation,Draft ready (not sent)
RUN001,2026-09-18T07:00Z,ACC-228,,Automated Nurture,,Ready — Automated,,P4,Draft Ready,BASELINE,BASELINE,b4ec099e11b3,Automation,Draft ready (not sent)
RUN001,2026-09-18T07:00Z,ACC-229,,Automated Nurture,,Ready — Automated,,P4,Draft Ready,BASELINE,BASELINE,419097fdf4a6,Automation,Draft ready (not sent)
RUN001,2026-09-18T07:00Z,ACC-230,,Automated Nurture,,Ready — Automated,,P4,Draft Ready,BASELINE,BASELINE,073e91fed835,Automation,Draft ready (not sent)
RUN001,2026-09-18T07:00Z,ACC-231,,Automated Nurture,,Ready — Automated,,P4,Draft Ready,BASELINE,BASELINE,414d0d5121bb,Automation,Draft ready (not sent)
RUN001,2026-09-18T07:00Z,ACC-232,,Automated Nurture,,Ready — Automated,,P4,Draft Ready,BASELINE,BASELINE,b5cfa22bc5c2,Automation,Draft ready (not sent)
RUN001,2026-09-18T07:00Z,ACC-233,,Automated Nurture,,Ready — Automated,,P4,Draft Ready,BASELINE,BASELINE,ce026434ec4e,Automation,Draft ready (not sent)
RUN001,2026-09-18T07:00Z,ACC-234,,Automated Nurture,,Ready — Automated,,P4,Draft Ready,BASELINE,BASELINE,413a9e9197ee,Automation,Draft ready (not sent)
RUN001,2026-09-18T07:00Z,ACC-235,,Automated Nurture,,Ready — Automated,,P4,Draft Ready,BASELINE,BASELINE,78ad33491e60,Automation,Draft ready (not sent)
RUN001,2026-09-18T07:00Z,ACC-236,,Automated Nurture,,Ready — Automated,,P4,Draft Ready,BASELINE,BASELINE,0e32789858d7,Automation,Draft ready (not sent)
RUN001,2026-09-18T07:00Z,ACC-237,,Automated Nurture,,Ready — Automated,,P4,Draft Ready,BASELINE,BASELINE,43ef44026794,Automation,Draft ready (not sent)
RUN001,2026-09-18T07:00Z,ACC-238,,Automated Nurture,,Ready — Automated,,P4,Draft Ready,BASELINE,BASELINE,a5698e9d2cda,Automation,Draft ready (not sent)
RUN001,2026-09-18T07:00Z,ACC-239,,Automated Nurture,,Ready — Automated,,P4,Draft Ready,BASELINE,BASELINE,0cec226abbae,Automation,Draft ready (not sent)
RUN001,2026-09-18T07:00Z,ACC-240,,Automated Nurture,,Ready — Automated,,P4,Draft Ready,BASELINE,BASELINE,33f61a831ce8,Automation,Draft ready (not sent)
RUN001,2026-09-18T07:00Z,ACC-241,,Automated Nurture,,Ready — Automated,,P4,Draft Ready,BASELINE,BASELINE,8c4dc46cd074,Automation,Draft ready (not sent)
RUN001,2026-09-18T07:00Z,ACC-242,,Automated Nurture,,Ready — Automated,,P4,Draft Ready,BASELINE,BASELINE,7e57d7281d15,Automation,Draft ready (not sent)
RUN001,2026-09-18T07:00Z,ACC-243,,Automated Nurture,,Ready — Automated,,P4,Draft Ready,BASELINE,BASELINE,46698e4c9086,Automation,Draft ready (not sent)
RUN001,2026-09-18T07:00Z,ACC-244,,Automated Nurture,,Ready — Automated,,P4,Draft Ready,BASELINE,BASELINE,43c32c95f95b,Automation,Draft ready (not sent)
RUN001,2026-09-18T07:00Z,ACC-245,,Automated Nurture,,Ready — Automated,,P4,Draft Ready,BASELINE,BASELINE,121061ba0610,Automation,Draft ready (not sent)
RUN001,2026-09-18T07:00Z,ACC-246,,Automated Nurture,,Ready — Automated,,P4,Draft Ready,BASELINE,BASELINE,50d3f2ca43ec,Automation,Draft ready (not sent)
RUN001,2026-09-18T07:00Z,ACC-247,,Automated Nurture,,Ready — Automated,,P4,Draft Ready,BASELINE,BASELINE,c432a6ed9894,Automation,Draft ready (not sent)
RUN001,2026-09-18T07:00Z,ACC-248,,Automated Nurture,,Ready — Automated,,P4,Draft Ready,BASELINE,BASELINE,3eed98a78375,Automation,Draft ready (not sent)
RUN001,2026-09-18T07:00Z,ACC-249,,Automated Nurture,,Ready — Automated,,P4,Draft Ready,BASELINE,BASELINE,c8d4829c2cd8,Automation,Draft ready (not sent)
RUN001,2026-09-18T07:00Z,ACC-250,,Automated Nurture,,Ready — Automated,,P4,Draft Ready,BASELINE,BASELINE,a405b65d81e0,Automation,Draft ready (not sent)
RUN001,2026-09-18T07:00Z,ACC-251,,Automated Nurture,,Ready — Automated,,P4,Draft Ready,BASELINE,BASELINE,0af2daa28eec,Automation,Draft ready (not sent)
RUN001,2026-09-18T07:00Z,ACC-252,,Automated Nurture,,Ready — Automated,,P4,Draft Ready,BASELINE,BASELINE,e03f850245c4,Automation,Draft ready (not sent)
RUN001,2026-09-18T07:00Z,ACC-253,,Automated Nurture,,Ready — Automated,,P4,Draft Ready,BASELINE,BASELINE,e0780da40176,Automation,Draft ready (not sent)
RUN001,2026-09-18T07:00Z,ACC-254,,Automated Nurture,,Ready — Automated,,P4,Draft Ready,BASELINE,BASELINE,f5e0b31443c4,Automation,Draft ready (not sent)
RUN001,2026-09-18T07:00Z,ACC-255,,Automated Nurture,,Ready — Automated,,P4,Draft Ready,BASELINE,BASELINE,5753b3213ae2,Automation,Draft ready (not sent)
RUN001,2026-09-18T07:00Z,ACC-256,,Discovery-to-Offer Enablement,,Ready — Automated,,P3,Draft Ready,BASELINE,BASELINE,a18f3158b1a0,Automation,Draft ready (not sent)
RUN001,2026-09-18T07:00Z,ACC-257,,Automated Nurture,,Ready — Automated,,P4,Draft Ready,BASELINE,BASELINE,7503815ad16b,Automation,Draft ready (not sent)
RUN001,2026-09-18T07:00Z,ACC-258,,Automated Nurture,,Ready — Automated,,P4,Draft Ready,BASELINE,BASELINE,fedf5d9d5851,Automation,Draft ready (not sent)
RUN001,2026-09-18T07:00Z,ACC-259,,Automated Nurture,,Ready — Automated,,P4,Draft Ready,BASELINE,BASELINE,8e6abd168068,Automation,Draft ready (not sent)
RUN001,2026-09-18T07:00Z,ACC-260,,Automated Nurture,,Ready — Automated,,P4,Draft Ready,BASELINE,BASELINE,c6285f384356,Automation,Draft ready (not sent)
RUN001,2026-09-18T07:00Z,ACC-261,,Automated Nurture,,Ready — Automated,,P4,Draft Ready,BASELINE,BASELINE,1d8c8054350c,Automation,Draft ready (not sent)
RUN001,2026-09-18T07:00Z,ACC-262,,Automated Nurture,,Ready — Automated,,P4,Draft Ready,BASELINE,BASELINE,0c0eb5c98b7c,Automation,Draft ready (not sent)
RUN001,2026-09-18T07:00Z,ACC-263,,Automated Nurture,,Ready — Automated,,P4,Draft Ready,BASELINE,BASELINE,3d2fe57828d3,Automation,Draft ready (not sent)
RUN001,2026-09-18T07:00Z,ACC-264,,Automated Nurture,,Ready — Automated,,P4,Draft Ready,BASELINE,BASELINE,2f6ee405dab0,Automation,Draft ready (not sent)
RUN001,2026-09-18T07:00Z,ACC-265,,Automated Nurture,,Ready — Automated,,P4,Draft Ready,BASELINE,BASELINE,4daa0f149895,Automation,Draft ready (not sent)
RUN001,2026-09-18T07:00Z,ACC-266,,Automated Nurture,,Ready — Automated,,P4,Draft Ready,BASELINE,BASELINE,6ff88212f5a0,Automation,Draft ready (not sent)
RUN001,2026-09-18T07:00Z,ACC-267,,Automated Nurture,,Ready — Automated,,P4,Draft Ready,BASELINE,BASELINE,d08d70ae4476,Automation,Draft ready (not sent)
RUN001,2026-09-18T07:00Z,ACC-268,,Automated Nurture,,Ready — Automated,,P4,Draft Ready,BASELINE,BASELINE,8c88facd38b2,Automation,Draft ready (not sent)
RUN001,2026-09-18T07:00Z,ACC-269,,Automated Nurture,,Ready — Automated,,P4,Draft Ready,BASELINE,BASELINE,97539148fc1c,Automation,Draft ready (not sent)
RUN001,2026-09-18T07:00Z,ACC-270,,Automated Nurture,,Ready — Automated,,P4,Draft Ready,BASELINE,BASELINE,0a43e8b9b526,Automation,Draft ready (not sent)
RUN001,2026-09-18T07:00Z,ACC-271,,Automated Nurture,,Ready — Automated,,P4,Draft Ready,BASELINE,BASELINE,8c6cc87d80c7,Automation,Draft ready (not sent)
RUN001,2026-09-18T07:00Z,ACC-272,,Automated Nurture,,Ready — Automated,,P4,Draft Ready,BASELINE,BASELINE,72b6c23e8f65,Automation,Draft ready (not sent)
RUN001,2026-09-18T07:00Z,ACC-273,,Automated Nurture,,Ready — Automated,,P4,Draft Ready,BASELINE,BASELINE,b83e15e68e61,Automation,Draft ready (not sent)
RUN001,2026-09-18T07:00Z,ACC-274,,Automated Nurture,,Ready — Automated,,P4,Draft Ready,BASELINE,BASELINE,de7f3136de62,Automation,Draft ready (not sent)
RUN001,2026-09-18T07:00Z,ACC-275,,Automated Nurture,,Ready — Automated,,P4,Draft Ready,BASELINE,BASELINE,2975b85d4de0,Automation,Draft ready (not sent)
RUN001,2026-09-18T07:00Z,ACC-276,,Automated Nurture,,Ready — Automated,,P4,Draft Ready,BASELINE,BASELINE,bad0550cc134,Automation,Draft ready (not sent)
RUN001,2026-09-18T07:00Z,ACC-277,,Automated Nurture,,Ready — Automated,,P4,Draft Ready,BASELINE,BASELINE,f0be33fe782d,Automation,Draft ready (not sent)
RUN001,2026-09-18T07:00Z,ACC-278,,Automated Nurture,,Ready — Automated,,P4,Draft Ready,BASELINE,BASELINE,20b43632104f,Automation,Draft ready (not sent)
RUN001,2026-09-18T07:00Z,ACC-279,,Automated Nurture,,Ready — Automated,,P4,Draft Ready,BASELINE,BASELINE,dbc1e7c4b206,Automation,Draft ready (not sent)
RUN001,2026-09-18T07:00Z,ACC-280,,Automated Nurture,,Ready — Automated,,P4,Draft Ready,BASELINE,BASELINE,f0434e268b14,Automation,Draft ready (not sent)
RUN001,2026-09-18T07:00Z,ACC-281,,Automated Nurture,,Ready — Automated,,P4,Draft Ready,BASELINE,BASELINE,6b4ed2d1c17a,Automation,Draft ready (not sent)
RUN001,2026-09-18T07:00Z,ACC-282,,Automated Nurture,,Ready — Automated,,P4,Draft Ready,BASELINE,BASELINE,4dc075fceb04,Automation,Draft ready (not sent)
RUN001,2026-09-18T07:00Z,ACC-283,,Automated Nurture,,Ready — Automated,,P4,Draft Ready,BASELINE,BASELINE,3cf26b6622ae,Automation,Draft ready (not sent)
RUN001,2026-09-18T07:00Z,ACC-284,,Automated Nurture,,Ready — Automated,,P4,Draft Ready,BASELINE,BASELINE,53c54b0e772a,Automation,Draft ready (not sent)
RUN001,2026-09-18T07:00Z,ACC-285,,Automated Nurture,,Ready — Automated,,P4,Draft Ready,BASELINE,BASELINE,a73d380e0674,Automation,Draft ready (not sent)
RUN001,2026-09-18T07:00Z,ACC-286,,Automated Nurture,,Ready — Automated,,P4,Draft Ready,BASELINE,BASELINE,9c7445698aea,Automation,Draft ready (not sent)
RUN001,2026-09-18T07:00Z,ACC-287,,Automated Nurture,,Ready — Automated,,P4,Draft Ready,BASELINE,BASELINE,b76893060cb5,Automation,Draft ready (not sent)
RUN001,2026-09-18T07:00Z,ACC-288,,Automated Nurture,,Ready — Automated,,P4,Draft Ready,BASELINE,BASELINE,27ce6185e812,Automation,Draft ready (not sent)
RUN001,2026-09-18T07:00Z,ACC-289,,Automated Nurture,,Ready — Automated,,P4,Draft Ready,BASELINE,BASELINE,27bf7e51bb66,Automation,Draft ready (not sent)
RUN001,2026-09-18T07:00Z,ACC-290,,Automated Nurture,,Ready — Automated,,P4,Draft Ready,BASELINE,BASELINE,e660fd25a3e6,Automation,Draft ready (not sent)
RUN001,2026-09-18T07:00Z,ACC-291,,Automated Nurture,,Ready — Automated,,P4,Draft Ready,BASELINE,BASELINE,e5d70530d239,Automation,Draft ready (not sent)
RUN001,2026-09-18T07:00Z,ACC-292,,Automated Nurture,,Ready — Automated,,P4,Draft Ready,BASELINE,BASELINE,54c4d054a411,Automation,Draft ready (not sent)
RUN001,2026-09-18T07:00Z,ACC-293,,Automated Nurture,,Ready — Automated,,P4,Draft Ready,BASELINE,BASELINE,97dd1559bb91,Automation,Draft ready (not sent)
RUN001,2026-09-18T07:00Z,ACC-294,,Automated Nurture,,Ready — Automated,,P4,Draft Ready,BASELINE,BASELINE,9a44e9ce58e2,Automation,Draft ready (not sent)
RUN001,2026-09-18T07:00Z,ACC-295,,Automated Nurture,,Ready — Automated,,P4,Draft Ready,BASELINE,BASELINE,89e21a5eefbe,Automation,Draft ready (not sent)
RUN001,2026-09-18T07:00Z,ACC-296,,Automated Nurture,,Ready — Automated,,P4,Draft Ready,BASELINE,BASELINE,68e45acd40e2,Automation,Draft ready (not sent)
RUN001,2026-09-18T07:00Z,ACC-297,,Automated Nurture,,Ready — Automated,,P4,Draft Ready,BASELINE,BASELINE,74bfd559930a,Automation,Draft ready (not sent)
RUN001,2026-09-18T07:00Z,ACC-298,,Automated Nurture,,Ready — Automated,,P4,Draft Ready,BASELINE,BASELINE,ed0bbfe11383,Automation,Draft ready (not sent)
RUN001,2026-09-18T07:00Z,ACC-299,,Automated Nurture,,Ready — Automated,,P4,Draft Ready,BASELINE,BASELINE,df7ada32eab2,Automation,Draft ready (not sent)
RUN001,2026-09-18T07:00Z,ACC-300,,Automated Nurture,,Ready — Automated,,P4,Draft Ready,BASELINE,BASELINE,c657541d685a,Automation,Draft ready (not sent)
RUN002,2026-09-19T07:00Z,ACC-211,Retention Conversation,Reinforce Successful Behaviour,Ready — Human,Human Review Required,P1,P2,Awaiting Human Review,NBA_CHANGED,NBA_CHANGED;PRIORITY_DECREASED;EXECUTION_STATUS_CHANGED;GUARDRAILS_CHANGED;DATA_UPDATED,0f799e9cf54b,Customer Success / Growth,Withheld until human review is complete
RUN002,2026-09-19T07:00Z,ACC-301,,Retention Conversation,,Ready — Human,,P1,Draft Ready,NEW_ACCOUNT,NEW_ACCOUNT,5ec9071df9c3,Account Manager,Draft ready (not sent)
RUN002,2026-09-19T07:00Z,ACC-302,,Guided Self-Serve Migration,,Human Sign-Off Required,,P2,Awaiting Sign-Off,NEW_ACCOUNT,NEW_ACCOUNT,c5b4f4826999,Portfolio Lead + Account Manager,Withheld until sign-off is recorded
RUN002,2026-09-19T07:00Z,ACC-303,,Retention Conversation,,Ready — Human,,P1,Draft Ready,NEW_ACCOUNT,NEW_ACCOUNT,098772224d83,Account Manager,Draft ready (not sent)
RUN002,2026-09-19T07:00Z,ACC-304,,Guided Self-Serve Migration,,Ready — Hybrid,,P2,Draft Ready,NEW_ACCOUNT,NEW_ACCOUNT,9ce6f8396576,Account Manager,Draft ready (not sent)
RUN002,2026-09-19T07:00Z,ACC-305,,Verify Demand / Win-Back,,Ready — Human,,P1,Draft Ready,NEW_ACCOUNT,NEW_ACCOUNT,962b402c8042,Account Manager,Draft ready (not sent)
RUN002,2026-09-19T07:00Z,ACC-306,,Verify Demand / Win-Back,,Ready — Human,,P1,Draft Ready,NEW_ACCOUNT,NEW_ACCOUNT,b7ed5d73d9d0,Account Manager,Draft ready (not sent)
RUN002,2026-09-19T07:00Z,ACC-307,,Establish / Re-establish,,Ready — Human,,P2,Draft Ready,NEW_ACCOUNT,NEW_ACCOUNT,f0c9d7e4576d,Account Manager,Draft ready (not sent)
RUN002,2026-09-19T07:00Z,ACC-308,,Guided Self-Serve Migration,,Ready — Human,,P3,Draft Ready,NEW_ACCOUNT,NEW_ACCOUNT,560c61f4bb1d,Account Manager,Draft ready (not sent)
RUN002,2026-09-19T07:00Z,ACC-309,,Automated Nurture,,Ready — Automated,,P4,Draft Ready,NEW_ACCOUNT,NEW_ACCOUNT,e825aada3171,Automation,Draft ready (not sent)
RUN002,2026-09-19T07:00Z,ACC-310,,Service Model Review,,Ready — Human,,P3,Not Started,NEW_ACCOUNT,NEW_ACCOUNT,618c111a6d6b,Portfolio Lead,None: internal-only review
RUN002,2026-09-19T07:00Z,ACC-311,,Automated Nurture,,Ready — Automated,,P3,Draft Ready,NEW_ACCOUNT,NEW_ACCOUNT,d9c6ad7bd10f,Automation,Draft ready (not sent)
RUN002,2026-09-19T07:00Z,ACC-312,,Automated Nurture,,Ready — Automated,,P4,Draft Ready,NEW_ACCOUNT,NEW_ACCOUNT,fca883535edd,Automation,Draft ready (not sent)
RUN002,2026-09-19T07:00Z,ACC-313,,Service Model Review,,Ready — Human,,P3,Not Started,NEW_ACCOUNT,NEW_ACCOUNT,36cd01a37a11,Portfolio Lead,None: internal-only review
RUN002,2026-09-19T07:00Z,ACC-314,,Automated Nurture,,Ready — Automated,,P4,Draft Ready,NEW_ACCOUNT,NEW_ACCOUNT,96c9cb8e3c47,Automation,Draft ready (not sent)
RUN002,2026-09-19T07:00Z,ACC-315,,Automated Nurture,,Ready — Automated,,P4,Draft Ready,NEW_ACCOUNT,NEW_ACCOUNT,9e21a407858c,Automation,Draft ready (not sent)
RUN002,2026-09-19T07:00Z,ACC-316,,Automated Nurture,,Ready — Automated,,P4,Draft Ready,NEW_ACCOUNT,NEW_ACCOUNT,f35144765037,Automation,Draft ready (not sent)
RUN002,2026-09-19T07:00Z,ACC-317,,Automated Nurture,,Ready — Automated,,P4,Draft Ready,NEW_ACCOUNT,NEW_ACCOUNT,72f88603e5d2,Automation,Draft ready (not sent)
RUN002,2026-09-19T07:00Z,ACC-318,,Automated Nurture,,Ready — Automated,,P4,Draft Ready,NEW_ACCOUNT,NEW_ACCOUNT,a7af2ab24f72,Automation,Draft ready (not sent)
RUN002,2026-09-19T07:00Z,ACC-319,,Automated Nurture,,Ready — Automated,,P4,Draft Ready,NEW_ACCOUNT,NEW_ACCOUNT,370480312be3,Automation,Draft ready (not sent)
RUN002,2026-09-19T07:00Z,ACC-320,,Automated Nurture,,Ready — Automated,,P4,Draft Ready,NEW_ACCOUNT,NEW_ACCOUNT,90fe3d1a4327,Automation,Draft ready (not sent)
RUN002,2026-09-19T07:00Z,ACC-321,,Automated Nurture,,Ready — Automated,,P4,Draft Ready,NEW_ACCOUNT,NEW_ACCOUNT,fe046772254c,Automation,Draft ready (not sent)
RUN002,2026-09-19T07:00Z,ACC-322,,Automated Nurture,,Ready — Automated,,P4,Draft Ready,NEW_ACCOUNT,NEW_ACCOUNT,f5c1b81dd06b,Automation,Draft ready (not sent)
RUN002,2026-09-19T07:00Z,ACC-323,,Automated Nurture,,Ready — Automated,,P4,Draft Ready,NEW_ACCOUNT,NEW_ACCOUNT,c552125ab390,Automation,Draft ready (not sent)
RUN002,2026-09-19T07:00Z,ACC-324,,Automated Nurture,,Ready — Automated,,P4,Draft Ready,NEW_ACCOUNT,NEW_ACCOUNT,4d1b76003b22,Automation,Draft ready (not sent)
RUN002,2026-09-19T07:00Z,ACC-325,,Automated Nurture,,Ready — Automated,,P4,Draft Ready,NEW_ACCOUNT,NEW_ACCOUNT,04acf9d29755,Automation,Draft ready (not sent)
RUN002,2026-09-19T07:00Z,ACC-326,,Automated Nurture,,Ready — Automated,,P4,Draft Ready,NEW_ACCOUNT,NEW_ACCOUNT,dedc35c6bde7,Automation,Draft ready (not sent)
RUN002,2026-09-19T07:00Z,ACC-327,,Automated Nurture,,Ready — Automated,,P4,Draft Ready,NEW_ACCOUNT,NEW_ACCOUNT,76b954533fbf,Automation,Draft ready (not sent)
RUN002,2026-09-19T07:00Z,ACC-328,,Automated Nurture,,Ready — Automated,,P4,Draft Ready,NEW_ACCOUNT,NEW_ACCOUNT,33aeebc57177,Automation,Draft ready (not sent)
RUN002,2026-09-19T07:00Z,ACC-329,,Automated Nurture,,Ready — Automated,,P4,Draft Ready,NEW_ACCOUNT,NEW_ACCOUNT,e2e812e4313d,Automation,Draft ready (not sent)
RUN002,2026-09-19T07:00Z,ACC-330,,Automated Nurture,,Ready — Automated,,P4,Draft Ready,NEW_ACCOUNT,NEW_ACCOUNT,91567a692bc6,Automation,Draft ready (not sent)
RUN002,2026-09-19T07:00Z,ACC-331,,Automated Nurture,,Ready — Automated,,P4,Draft Ready,NEW_ACCOUNT,NEW_ACCOUNT,06455cade58a,Automation,Draft ready (not sent)
RUN002,2026-09-19T07:00Z,ACC-332,,Automated Nurture,,Ready — Automated,,P4,Draft Ready,NEW_ACCOUNT,NEW_ACCOUNT,990096ea67ba,Automation,Draft ready (not sent)
RUN002,2026-09-19T07:00Z,ACC-333,,Automated Nurture,,Ready — Automated,,P4,Draft Ready,NEW_ACCOUNT,NEW_ACCOUNT,0cb18308da4f,Automation,Draft ready (not sent)
RUN002,2026-09-19T07:00Z,ACC-334,,Automated Nurture,,Ready — Automated,,P4,Draft Ready,NEW_ACCOUNT,NEW_ACCOUNT,7435936fab67,Automation,Draft ready (not sent)
RUN002,2026-09-19T07:00Z,ACC-335,,Automated Nurture,,Ready — Automated,,P4,Draft Ready,NEW_ACCOUNT,NEW_ACCOUNT,4622ddc113c7,Automation,Draft ready (not sent)
RUN002,2026-09-19T07:00Z,ACC-336,,Automated Nurture,,Ready — Automated,,P4,Draft Ready,NEW_ACCOUNT,NEW_ACCOUNT,c2d236d09627,Automation,Draft ready (not sent)
RUN002,2026-09-19T07:00Z,ACC-337,,Automated Nurture,,Ready — Automated,,P4,Draft Ready,NEW_ACCOUNT,NEW_ACCOUNT,463466a9e706,Automation,Draft ready (not sent)
RUN002,2026-09-19T07:00Z,ACC-338,,Automated Nurture,,Ready — Automated,,P4,Draft Ready,NEW_ACCOUNT,NEW_ACCOUNT,a1a856eac763,Automation,Draft ready (not sent)
RUN002,2026-09-19T07:00Z,ACC-339,,Automated Nurture,,Ready — Automated,,P4,Draft Ready,NEW_ACCOUNT,NEW_ACCOUNT,7a26e8748540,Automation,Draft ready (not sent)
RUN002,2026-09-19T07:00Z,ACC-340,,Automated Nurture,,Ready — Automated,,P4,Draft Ready,NEW_ACCOUNT,NEW_ACCOUNT,a07894e4e0c3,Automation,Draft ready (not sent)
RUN002,2026-09-19T07:00Z,ACC-341,,Automated Nurture,,Ready — Automated,,P4,Draft Ready,NEW_ACCOUNT,NEW_ACCOUNT,257d2ea8c08b,Automation,Draft ready (not sent)
RUN002,2026-09-19T07:00Z,ACC-342,,Automated Nurture,,Ready — Automated,,P4,Draft Ready,NEW_ACCOUNT,NEW_ACCOUNT,9fb9fdd93ac8,Automation,Draft ready (not sent)
RUN002,2026-09-19T07:00Z,ACC-343,,Automated Nurture,,Ready — Automated,,P4,Draft Ready,NEW_ACCOUNT,NEW_ACCOUNT,c9c78fc9e850,Automation,Draft ready (not sent)
RUN002,2026-09-19T07:00Z,ACC-344,,Automated Nurture,,Ready — Automated,,P4,Draft Ready,NEW_ACCOUNT,NEW_ACCOUNT,5828be6a4b56,Automation,Draft ready (not sent)
RUN002,2026-09-19T07:00Z,ACC-345,,Automated Nurture,,Ready — Automated,,P4,Draft Ready,NEW_ACCOUNT,NEW_ACCOUNT,6195433843b5,Automation,Draft ready (not sent)
